{"type":"Topology","arcs":[[[716,604],[-11,-45],[36,-138],[-46,-80],[-112,7],[12,-100],[-95,-61],[-14,-45],[-4,-74],[-37,-42],[-54,22],[-64,-21],[-23,-27],[-40,22],[-98,28],[4,30],[-21,70],[-22,37],[-10,118],[-55,29],[-7,32],[-51,30],[-4,20],[23,54],[62,-2],[48,71],[-3,35],[41,20],[42,0],[35,28],[33,-3],[43,78],[83,5],[36,-8],[21,30],[-16,79],[7,41],[36,47],[21,-48],[41,-41],[98,-13],[90,24],[24,-28],[55,-18],[14,-44],[-66,-51],[-38,-9],[-14,-59]]],"transform":{"scale":[0.0004072787157106308,0.0003382527519290329],"translate":[151.33130857244407,-33.20294358722446]},"objects":{"nswpol-maps-2013-p100-alldistricts":{"type":"GeometryCollection","geometries":[{"arcs":[[0]],"type":"Polygon","properties":{"ID":95,"Name":"Lake Macquarie","Electors":51811,"ProjectedPopulation":52508,"Members":1,"ElectorDeviation":0.363593,"ProjectedDeviation":-0.495785}}]}}}