{"type":"Topology","arcs":[[[4520,224],[-29,8],[-32,59],[-33,32],[-35,-3],[-6,-20],[15,-53],[0,-72],[-42,-2],[-61,-21],[-51,-7],[-51,10],[-73,50],[-71,63],[-33,25],[-58,58],[-22,28],[-22,11],[-11,27],[15,62],[17,23],[44,13],[44,5],[111,0],[15,17],[2,30],[-11,41],[-22,31],[-38,23],[-89,24],[-103,-13],[-108,-49],[-57,-32],[-41,-34],[-34,-17],[-30,-33],[-90,-87],[-25,-35],[-40,20],[6,47],[35,58],[-6,20],[-20,1],[-84,-24],[-14,-14],[4,-38],[-54,-22],[-45,-23],[-37,5],[-31,-3],[-22,-33],[-29,-11],[-29,8],[-32,43],[3,21],[28,-10],[49,-8],[16,28],[-19,16],[10,37],[-19,11],[-56,-8],[-14,-11],[-22,-35],[-14,-9],[-21,24],[-44,18],[-19,-18],[11,-26],[-20,-39],[-19,13],[-29,-2],[-15,-14],[-32,-60],[-34,15],[-48,-13],[-12,-25],[-47,-8],[-3,41],[-13,39],[-18,11],[-15,-11],[3,-64],[-18,-25],[-43,22],[-23,-6],[-11,47],[-43,-12],[-35,37],[-34,10],[-98,-9],[-33,6],[-28,-15],[-19,35],[4,23],[-18,12],[-39,-9],[-6,-37],[-13,-27],[23,-21],[-19,-29],[-71,-28],[19,-27],[-21,-7],[-46,9],[-25,-10],[-42,2],[-21,-27],[9,-17],[-23,-20],[3,-40],[-31,-3],[-11,-22],[-26,-28],[-20,-52],[-3,-45],[-13,-20],[-112,79],[-56,28],[-98,44],[-35,31],[-35,63],[-15,49],[-83,14],[-81,60],[-15,7],[-183,62],[-42,18],[-171,131],[-20,10],[-233,78],[-78,28],[-249,124],[-70,15],[-343,56],[19,42],[47,78],[72,112],[76,145],[53,85],[45,96],[38,90],[109,237],[19,65],[6,63],[46,-12],[62,-6],[80,-12],[21,4],[24,18],[27,35],[29,-16],[25,3],[5,28],[36,16],[10,14],[6,52],[18,20],[42,8],[88,-21],[34,-33],[17,0],[22,25],[30,9],[33,-50],[46,16],[66,-15],[30,7],[19,18],[28,10],[98,12],[67,37],[30,11],[28,-70],[8,-9],[42,-99],[15,-28],[29,-55],[25,-35],[28,-24],[170,-180],[120,-115],[158,-27],[-12,-29],[-25,-23],[-77,-51],[-28,-27],[-19,-33],[-6,-23],[697,-116],[173,-30],[49,3],[271,-49],[32,32],[50,31],[64,23],[495,156],[51,-40],[42,0],[32,11],[27,-2],[19,-20],[0,-40],[-16,-17],[-71,-19],[-37,-22],[-10,-39],[11,-29],[17,-19],[32,-9],[81,-3],[55,12],[60,33],[46,-7],[18,-20],[18,-22],[21,-47],[3,-22],[-11,-81],[3,-86],[16,-31],[146,-60],[12,-87],[8,-27],[32,-44],[56,-48],[49,-60],[77,-60],[22,-22],[6,-27],[-13,-26],[-58,-88],[-34,-18]]],"transform":{"scale":[0.000026440562155542197,0.000022077784695978987],"translate":[150.8571683461621,-33.914209462402496]},"objects":{"nswpol-maps-2013-p100-alldistricts":{"type":"GeometryCollection","geometries":[{"arcs":[[0]],"type":"Polygon","properties":{"ID":56,"Name":"Cabramatta","Electors":52854,"ProjectedPopulation":53346,"Members":1,"ElectorDeviation":2.384,"ProjectedDeviation":1.09225}}]}}}