{"type":"Topology","arcs":[[[409,112],[37,-73],[-38,-8],[-64,27],[-38,2],[-187,-60],[-65,4],[4,47],[-27,85],[4,52],[-14,39],[60,17],[17,43],[-44,-9],[-40,65],[42,134],[-1,22],[-27,82],[-28,35],[27,174],[103,8],[26,35],[66,-2],[49,17],[31,-3],[22,23],[6,-36],[-16,-70],[0,-44],[22,-74],[20,-43],[56,-50],[-7,-6],[105,-215],[-149,-50],[11,-55],[37,-113]]],"transform":{"scale":[0.00009836743285016865,0.00008195311849157287],"translate":[151.03675005949654,-33.95243609565197]},"objects":{"nswpol-maps-2013-p100-alldistricts":{"type":"GeometryCollection","geometries":[{"arcs":[[0]],"type":"Polygon","properties":{"ID":83,"Name":"Lakemba","Electors":51566,"ProjectedPopulation":52780,"Members":1,"ElectorDeviation":-0.110998,"ProjectedDeviation":0.0196635}}]}}}