{"type":"Topology","arcs":[[[1701,729],[-33,-132],[-69,-100],[-72,-86],[-40,-69],[-75,-86],[-62,-61],[-54,-76],[-55,-53],[-28,-54],[-49,-12],[-50,7],[-41,56],[-82,28],[-114,6],[-73,-6],[-37,-34],[-586,107],[-57,0],[-40,27],[-32,95],[-9,43],[-43,64],[22,52],[0,54],[27,37],[7,66],[64,42],[3,23],[52,24],[-25,84],[9,32],[82,1],[-1,-60],[-14,-11],[47,-61],[318,-54],[9,9],[89,-42],[19,-1],[75,35],[75,52],[39,220],[-36,36],[20,12],[0,34],[30,18],[4,56],[40,122],[53,-4],[70,6],[54,75],[32,6],[39,-29],[20,-78],[25,-65],[47,-67],[45,-51],[36,-114],[36,-57],[135,52],[82,-4],[78,-57],[-6,-57]]],"transform":{"scale":[0.00005164037490109448,0.000043052609579410204],"translate":[151.1866048951572,-33.856839357853005]},"objects":{"nswpol-maps-2013-p100-alldistricts":{"type":"GeometryCollection","geometries":[{"arcs":[[0]],"type":"Polygon","properties":{"ID":70,"Name":"North Shore","Electors":50099,"ProjectedPopulation":51733,"Members":1,"ElectorDeviation":-2.95274,"ProjectedDeviation":-1.96443}}]}}}