{"type":"Topology","arcs":[[[141,17],[-141,-17],[12,66],[71,66],[27,2],[16,-15],[4,-33],[-29,-23],[40,-46]]],"transform":{"scale":[0.00040700173611173877,0.00033640808996384926],"translate":[151.1448000268708,-33.88974953786482]},"objects":{"nswpol-maps-2013-p100-alldistricts":{"type":"GeometryCollection","geometries":[{"arcs":[[0]],"type":"Polygon","properties":{"ID":90,"Name":"Balmain","Electors":51539,"ProjectedPopulation":52400,"Members":1,"ElectorDeviation":-0.1633,"ProjectedDeviation":-0.700448}}]}}}