{"type":"Topology","arcs":[[[1840,1558],[-25,-86],[-71,-116],[-3,-101],[5,-37],[-3,-90],[50,1],[-10,-136],[-22,-107],[-26,-43],[-42,-43],[-99,-47],[-40,-26],[-24,-34],[-106,52],[-52,-74],[-14,-29],[2,-35],[28,-41],[-46,-2],[-52,-22],[75,-37],[75,-120],[39,-90],[34,-134],[-5,-23],[-36,-21],[-59,7],[-42,-13],[-48,-3],[-5,-16],[-123,3],[-58,-37],[6,-32],[-196,-14],[-137,-12],[-63,22],[-541,357],[-125,83],[-29,29],[-52,70],[42,60],[21,40],[34,116],[29,122],[83,-14],[6,38],[139,-23],[10,57],[65,-3],[85,-13],[-15,33],[7,80],[18,39],[12,78],[29,27],[43,-1],[35,52],[104,-20],[21,8],[72,44],[29,31],[44,-9],[28,6],[49,35],[80,24],[35,70],[42,60],[66,-14],[115,8],[74,-6],[78,25],[84,66],[33,11],[33,1],[76,-23],[67,-10],[67,2]]],"transform":{"scale":[0.00005162296288472506,0.000043070808427817344],"translate":[150.9905158528057,-33.88822890965827]},"objects":{"nswpol-maps-2013-p100-alldistricts":{"type":"GeometryCollection","geometries":[{"arcs":[[0]],"type":"Polygon","properties":{"ID":74,"Name":"Auburn","Electors":50047,"ProjectedPopulation":52397,"Members":1,"ElectorDeviation":-3.05347,"ProjectedDeviation":-0.706133}}]}}}