{"type":"Topology","arcs":[[[4418,692],[-47,-8],[-45,-14],[-60,-44],[5,-20],[43,-213],[-15,-23],[6,-24],[-42,-30],[-12,-19],[-42,-12],[-31,-25],[-28,-84],[-67,2],[-30,-19],[-16,-27],[-34,-18],[-84,5],[-38,-2],[-31,6],[-86,37],[-42,-7],[-17,-13],[-14,-26],[-23,-11],[-45,9],[-16,-14],[-2,-63],[-27,-35],[-31,34],[-48,269],[-123,4],[-123,-4],[-29,-13],[-153,-119],[-21,-37],[-126,31],[-22,59],[-37,-2],[-34,-13],[-26,9],[2,21],[24,35],[4,37],[-13,46],[5,42],[62,74],[3,18],[-44,36],[-13,39],[8,37],[-2,26],[-21,45],[-179,-27],[-71,-15],[-122,-37],[-86,-23],[-97,-31],[-116,-40],[-92,-27],[-93,-23],[-193,-29],[-110,-13],[-41,0],[-80,15],[-45,17],[-42,23],[-44,32],[-45,48],[-28,38],[-209,349],[-32,51],[-75,103],[-59,69],[-63,65],[-64,59],[-14,33],[-52,125],[-27,76],[-27,89],[-83,225],[-37,65],[-14,33],[-87,250],[-31,86],[-37,86],[-80,223],[-33,88],[-68,194],[-27,81],[-103,265],[-33,81],[-30,29],[-27,61],[-13,57],[-11,71],[7,25],[27,-16],[83,-37],[123,-49],[187,-104],[69,-28],[118,-24],[79,-13],[192,-35],[43,-12],[109,-58],[33,-31],[24,-37],[30,-74],[88,-120],[30,-53],[36,-44],[60,-48],[37,-18],[43,-11],[35,-15],[29,-24],[93,-95],[30,-53],[-1,-29],[-14,-38],[-8,-46],[-8,-179],[7,-35],[25,-34],[22,-16],[81,-28],[49,-24],[42,-8],[52,1],[65,-19],[61,-30],[23,-31],[24,-65],[14,7],[151,219],[19,3],[94,-60],[16,8],[27,33],[34,3],[76,-34],[150,-101],[56,-37],[15,36],[61,-41],[91,4],[30,-7],[58,-68],[1,-25],[13,-16],[56,-30],[-11,-42],[-8,-71],[-37,-96],[-1,-70],[51,-37],[9,13],[22,-40],[51,-58],[30,-18],[31,56],[97,91],[47,51],[49,46],[75,86],[70,118],[-5,82],[-30,19],[22,90],[25,38],[-40,25],[81,122],[1,5],[61,4],[78,-34],[52,-53],[71,-80],[33,-49],[50,-51],[65,-1],[44,-17],[38,-42],[29,-17],[102,-25],[22,-9],[86,-65],[118,-43],[35,-21],[31,-35],[20,-37],[28,-87],[14,-28],[22,-12],[-28,-72],[-9,-80],[-37,-68],[-14,-47],[0,-26],[25,-81],[15,-61],[9,-72],[-9,-74],[-35,-86],[-7,-62],[-14,-70],[7,-52]]],"transform":{"scale":[0.000026441674484653472,0.000022073120923222377],"translate":[150.93059897493714,-33.78181975208377]},"objects":{"nswpol-maps-2013-p100-alldistricts":{"type":"GeometryCollection","geometries":[{"arcs":[[0]],"type":"Polygon","properties":{"ID":63,"Name":"Baulkham Hills","Electors":52074,"ProjectedPopulation":52871,"Members":1,"ElectorDeviation":0.873053,"ProjectedDeviation":0.192111}}]}}}