{"type":"Topology","arcs":[[[3951,3472],[-16,-24],[9,-32],[-15,-30],[-32,-35],[-3,-62],[-10,-25],[-33,-24],[3,-59],[25,-42],[-9,-26],[-29,-25],[-14,-56],[22,-36],[9,-70],[29,-25],[-21,-37],[-15,-53],[8,-19],[38,-35],[-12,-26],[-2,-68],[-8,-19],[-43,-24],[-24,-31],[16,-81],[-26,-37],[-12,-34],[-41,-32],[-90,-44],[-41,-42],[32,-63],[4,-21],[219,-42],[-48,-284],[-11,-47],[-45,-30],[-62,-78],[-39,-81],[14,-50],[30,-30],[14,-32],[4,-48],[-37,-34],[-48,4],[-41,-17],[-7,-48],[16,-63],[-13,-63],[-35,-22],[-53,-69],[9,-57],[21,-21],[1,-28],[-17,-29],[1,-75],[-28,-15],[-9,-25],[-34,-47],[31,-27],[-2,-33],[-47,-139],[-49,-47],[-21,-10],[-66,-66],[-18,-65],[4,-78],[-19,-39],[-1,-51],[-10,-32],[-16,-115],[12,-45],[-14,-51],[-19,-16],[-54,-18],[-23,-20],[7,-52],[-271,48],[-8,-46],[-25,24],[-81,31],[-107,-15],[-8,42],[-26,18],[-12,41],[-18,22],[-29,11],[-27,-12],[-68,-2],[-33,-13],[-59,41],[-11,37],[-56,49],[-43,-13],[-4,-20],[20,-53],[9,-64],[-24,-8],[-31,32],[-60,23],[-6,19],[55,40],[-7,24],[-73,-11],[-36,5],[-5,45],[-17,27],[-36,-19],[-34,1],[-760,123],[-960,170],[49,49],[-8,44],[-35,44],[-2,55],[-15,41],[-34,41],[-1,35],[41,93],[30,15],[32,49],[23,58],[-20,120],[-98,90],[0,35],[51,33],[19,23],[18,48],[24,35],[13,80],[-55,83],[-22,12],[-124,11],[-77,-46],[-41,7],[-30,47],[-30,83],[-4,71],[35,270],[20,40],[13,153],[14,93],[-1,59],[18,58],[399,52],[20,19],[55,-8],[88,125],[74,56],[27,76],[6,62],[39,62],[40,13],[26,38],[19,49],[-35,77],[25,53],[38,24],[6,46],[14,30],[25,23],[-1,25],[-47,61],[32,27],[36,67],[7,-22],[37,0],[27,-18],[78,-70],[77,-43],[26,88],[10,51],[42,61],[80,36],[46,8],[25,18],[30,49],[53,18],[63,50],[105,-17],[4,-90],[19,-53],[65,-104],[15,-50],[0,-70],[66,-17],[27,-18],[33,-38],[45,-85],[44,-63],[-17,-12],[39,-68],[172,-25],[6,36],[23,-1],[58,67],[9,22],[36,0],[20,34],[22,57],[59,43],[45,51],[27,-22],[60,29],[40,0],[43,34],[18,-36],[36,-11],[31,41],[28,7],[28,28],[0,44],[21,57],[28,-22],[46,10],[3,-33],[28,-50],[62,23],[35,-27],[38,71],[1,27],[-45,-7],[-31,19],[-64,109],[-12,37],[103,-19],[15,-21],[50,-33],[87,-12],[77,42],[54,11],[25,-42],[92,-11],[124,-27],[422,-72]]],"transform":{"scale":[0.000051633653082041536,0.000043077394085387506],"translate":[150.73680798568984,-34.18960291250987]},"objects":{"nswpol-maps-2013-p100-alldistricts":{"type":"GeometryCollection","geometries":[{"arcs":[[0]],"type":"Polygon","properties":{"ID":44,"Name":"Campbelltown","Electors":50309,"ProjectedPopulation":51797,"Members":1,"ElectorDeviation":-2.54595,"ProjectedDeviation":-1.84315}}]}}}