{"type":"Topology","arcs":[[[1385,32],[-54,-18],[-168,19],[-61,-33],[-93,16],[9,59],[24,2],[21,132],[39,-6],[10,13],[32,188],[-15,-1],[-264,45],[-41,-11],[-41,-1],[14,87],[-133,21],[-1,-7],[-138,25],[-69,44],[-173,-42],[-7,43],[-27,-22],[-68,16],[17,9],[37,59],[-3,15],[-51,42],[-71,78],[-9,57],[-75,32],[-10,60],[5,41],[-21,47],[30,23],[44,5],[39,-11],[86,186],[67,117],[150,244],[33,46],[52,-70],[29,-29],[125,-82],[541,-358],[63,-22],[137,12],[-52,-330],[17,-41],[38,-27],[19,-33],[5,-39],[27,-83],[1,-43],[-41,-139],[-39,-116],[9,-26],[68,-97],[30,33],[52,-14],[-30,-84],[-83,-8],[-32,-23]]],"transform":{"scale":[0.000051634647905891936,0.000043063714401537545],"translate":[150.96733468423412,-33.935184591662036]},"objects":{"nswpol-maps-2013-p100-alldistricts":{"type":"GeometryCollection","geometries":[{"arcs":[[0]],"type":"Polygon","properties":{"ID":78,"Name":"Bankstown","Electors":49849,"ProjectedPopulation":51459,"Members":1,"ElectorDeviation":-3.43702,"ProjectedDeviation":-2.48367}}]}}}