{"type":"Topology","arcs":[[[1443,0],[-49,23],[-61,17],[-45,2],[-78,-10],[-74,6],[-98,43],[-77,38],[-119,28],[-49,26],[-28,26],[-50,81],[-17,62],[-15,170],[-16,58],[-42,-46],[-82,16],[-269,-215],[-27,6],[-48,-14],[-12,-22],[-36,28],[-48,23],[-29,40],[-20,8],[0,34],[5,57],[29,58],[2,40],[-11,46],[-2,74],[31,51],[48,60],[71,-9],[112,19],[27,-3],[24,35],[45,38],[-29,55],[-115,18],[2,21],[-17,49],[16,63],[18,22],[-6,76],[15,87],[-79,16],[-22,16],[-26,49],[-112,66],[-80,5],[35,216],[220,-71],[81,-31],[74,-34],[108,-61],[66,-47],[112,-93],[7,-17],[95,-98],[55,-79],[107,-179],[38,-44],[67,-37],[41,-8],[78,7],[97,15],[96,25],[108,37],[108,31],[127,21],[8,-55],[27,-48],[-31,-38],[2,-97],[36,7],[11,-30],[32,-47],[-3,-46],[-35,-26],[-40,-86],[-19,23],[-83,32],[-18,-30],[41,-42],[-2,-54],[-25,-7],[10,-48],[-16,-26],[-7,-64],[-18,-26],[-30,-16],[-19,-62],[12,-39],[-54,-63],[-56,-102]]],"transform":{"scale":[0.00005162729621493892,0.000043063494422074805],"translate":[150.91634639327404,-33.809583502539624]},"objects":{"nswpol-maps-2013-p100-alldistricts":{"type":"GeometryCollection","geometries":[{"arcs":[[0]],"type":"Polygon","properties":{"ID":72,"Name":"Seven Hills","Electors":52385,"ProjectedPopulation":53177,"Members":1,"ElectorDeviation":1.47549,"ProjectedDeviation":0.77199}}]}}}