{"type":"Topology","arcs":[[[234,197],[-7,-71],[-56,-56],[22,-51],[-73,-19],[-24,2],[-96,68],[16,43],[49,6],[32,37],[49,34],[57,11],[31,-4]]],"transform":{"scale":[0.00040597929585311815,0.00033801003324941014],"translate":[150.99047486857938,-33.887817594262465]},"objects":{"nswpol-maps-2013-p100-alldistricts":{"type":"GeometryCollection","geometries":[{"arcs":[[0]],"type":"Polygon","properties":{"ID":74,"Name":"Auburn","Electors":50047,"ProjectedPopulation":52397,"Members":1,"ElectorDeviation":-3.05347,"ProjectedDeviation":-0.706133}}]}}}