{"type":"Topology","arcs":[[[71,0],[-58,10],[-8,24],[-5,59],[21,44],[83,-18],[-9,-54],[-33,-22],[9,-43]]],"transform":{"scale":[0.00040639356044089515,0.00033609237851344435],"translate":[151.23243190067444,-33.93611618432156]},"objects":{"nswpol-maps-2013-p100-alldistricts":{"type":"GeometryCollection","geometries":[{"arcs":[[0]],"type":"Polygon","properties":{"ID":88,"Name":"Coogee","Electors":51336,"ProjectedPopulation":52331,"Members":1,"ElectorDeviation":-0.556534,"ProjectedDeviation":-0.831205}}]}}}