{"type":"Topology","arcs":[[[5459,1217],[-13,-66],[-98,-216],[-66,-119],[-70,-118],[-37,-165],[-11,-197],[27,-71],[0,-24],[-33,-69],[-35,-32],[-62,-97],[-19,-43],[-36,30],[-128,21],[-588,98],[-577,94],[-38,29],[-239,38],[-190,-49],[4,34],[16,32],[34,34],[20,34],[65,7],[4,49],[29,26],[-31,21],[10,42],[35,12],[36,46],[36,2],[45,38],[-36,45],[0,15],[49,15],[-14,30],[14,33],[-17,17],[8,38],[-11,22],[-31,0],[-36,-19],[-36,52],[18,21],[45,2],[-45,42],[31,14],[15,44],[-40,4],[-9,16],[49,58],[-25,45],[-465,75],[-174,29],[-196,30],[-113,19],[-27,9],[-79,64],[-77,28],[-53,7],[-160,10],[-15,-43],[-25,-32],[-83,-78],[-27,-39],[-16,-85],[-6,-84],[10,-26],[50,-57],[-342,53],[-143,21],[-537,84],[-13,68],[6,36],[-16,52],[-34,62],[-3,19],[26,47],[13,55],[-47,114],[-36,20],[-21,-24],[-16,-58],[-18,-24],[-56,-34],[-55,-11],[-34,30],[-43,-12],[-36,21],[-57,-23],[11,48],[-1,35],[-124,6],[-39,20],[-228,-5],[-50,10],[-53,52],[-49,109],[-23,69],[-4,48],[23,74],[39,156],[30,58],[32,52],[55,68],[49,31],[127,59],[53,20],[114,98],[90,99],[66,123],[66,102],[31,66],[98,138],[66,161],[81,157],[45,50],[25,45],[57,73],[112,132],[122,109],[93,-88],[116,-114],[6,5],[72,-63],[45,-33],[100,-61],[75,-35],[133,-49],[87,-23],[135,-29],[132,-14],[108,4],[402,58],[155,11],[106,3],[177,-6],[201,-21],[83,-13],[193,-43],[291,-79],[66,-16],[88,-13],[78,-2],[193,5],[97,-4],[94,-14],[99,-26],[322,-111],[7,-3],[-38,-236],[-12,-87],[14,-61],[4,-127],[5,-25],[89,-1],[45,-7],[176,-54],[61,-11],[50,-19],[7,-19],[37,-3],[6,-21],[42,-24],[-10,-24],[28,-14],[19,27],[78,13],[9,-21],[-21,-47],[-4,-45],[-91,-59],[-8,1],[-43,-98],[-44,-19],[11,-42],[-20,-42],[2,-44],[-15,-24],[72,-55],[9,-54],[-22,-26],[-18,-76],[-28,-65],[-21,-81],[-29,-47],[-8,-36],[-8,-154]]],"transform":{"scale":[0.000051641051022899145,0.00004307797246619244],"translate":[150.58805787073172,-33.92446411631871]},"objects":{"nswpol-maps-2013-p100-alldistricts":{"type":"GeometryCollection","geometries":[{"arcs":[[0]],"type":"Polygon","properties":{"ID":46,"Name":"Mulgoa","Electors":49537,"ProjectedPopulation":51325,"Members":1,"ElectorDeviation":-4.04139,"ProjectedDeviation":-2.7376}}]}}}