{"type":"Topology","arcs":[[[214,86],[-35,-56],[-45,0],[-19,-30],[-33,33],[-12,39],[-1,69],[-58,32],[-11,46],[12,18],[85,19],[-6,-85],[63,-53],[46,-7],[14,-25]]],"transform":{"scale":[0.00040587089016666864,0.0003383416855702315],"translate":[151.01916849097526,-33.79089842354387]},"objects":{"nswpol-maps-2013-p100-alldistricts":{"type":"GeometryCollection","geometries":[{"arcs":[[0]],"type":"Polygon","properties":{"ID":64,"Name":"Epping","Electors":53460,"ProjectedPopulation":53891,"Members":1,"ElectorDeviation":3.55789,"ProjectedDeviation":2.12504}}]}}}