{"type":"Topology","arcs":[[[236,81],[-39,6],[-27,-20],[-45,-65],[-59,-2],[-42,3],[-24,29],[12,38],[43,25],[-16,40],[55,-9],[6,64],[61,11],[8,-19],[67,-8],[31,-53],[-31,-40]]],"transform":{"scale":[0.00040663094801339603,0.00033801003324941014],"translate":[151.20412602993255,-33.78381463033521]},"objects":{"nswpol-maps-2013-p100-alldistricts":{"type":"GeometryCollection","geometries":[{"arcs":[[0]],"type":"Polygon","properties":{"ID":68,"Name":"Wakehurst","Electors":51884,"ProjectedPopulation":53022,"Members":1,"ElectorDeviation":0.505002,"ProjectedDeviation":0.478261}}]}}}