{"type":"Topology","arcs":[[[1604,406],[-42,-39],[-36,-6],[-102,17],[-44,-26],[-18,13],[-53,4],[-15,-12],[-32,-59],[-60,11],[-14,-34],[-17,-9],[-104,27],[-45,-2],[-59,-46],[-39,-15],[-36,-27],[-18,-27],[-47,-28],[-38,2],[-19,15],[-119,-14],[-51,-20],[-43,-25],[-92,-30],[-106,-12],[-63,5],[-54,-5],[-98,-47],[-51,-17],[-51,154],[-18,61],[-20,106],[53,12],[229,81],[-43,86],[8,4],[-66,134],[-9,-3],[-90,189],[14,12],[31,26],[88,92],[48,34],[60,20],[8,-20],[49,-31],[45,-4],[47,-33],[56,20],[42,-8],[44,23],[77,5],[35,-25],[26,-48],[49,19],[29,34],[35,3],[116,-44],[15,47],[26,-30],[71,-24],[86,-7],[23,-14],[12,-173],[95,-71],[-21,-51],[-37,-28],[4,-38],[76,-35],[72,9],[32,23],[27,4],[55,-43],[46,5],[43,-29],[-2,-38]]],"transform":{"scale":[0.000051623519487529535,0.000043052067648595934],"translate":[151.0723438358787,-33.94324638912022]},"objects":{"nswpol-maps-2013-p100-alldistricts":{"type":"GeometryCollection","geometries":[{"arcs":[[0]],"type":"Polygon","properties":{"ID":84,"Name":"Canterbury","Electors":53644,"ProjectedPopulation":54365,"Members":1,"ElectorDeviation":3.91432,"ProjectedDeviation":3.02329}}]}}}