{"type":"Topology","arcs":[[[465,0],[-51,29],[-112,5],[-5,-33],[-186,22],[-29,2],[-20,35],[35,40],[112,64],[3,42],[-75,58],[-21,90],[55,14],[6,49],[-53,36],[45,23],[10,41],[51,20],[-23,41],[-49,-7],[-40,-32],[-65,8],[-42,54],[10,67],[-21,11],[64,37],[42,72],[74,70],[50,19],[28,53],[43,16],[111,-54],[50,30],[49,-105],[-8,-105],[22,-53],[21,-12],[-30,-144],[-5,-62],[11,-23],[5,-85],[-25,-89],[-33,-188],[-4,-56]]],"transform":{"scale":[0.00040692618633910127,0.00033832838984315357],"translate":[153.3635149910502,-28.477087545241965]},"objects":{"nswpol-maps-2013-p100-alldistricts":{"type":"GeometryCollection","geometries":[{"arcs":[[0]],"type":"Polygon","properties":{"ID":1,"Name":"Tweed","Electors":50399,"ProjectedPopulation":51698,"Members":1,"ElectorDeviation":-2.37161,"ProjectedDeviation":-2.03076}}]}}}