{"type":"Topology","arcs":[[[54,1],[-50,-1],[-4,37],[31,51],[40,24],[2,59],[102,-40],[126,6],[6,-40],[-48,-8],[-24,-23],[-63,9],[-89,-15],[-29,-59]]],"transform":{"scale":[0.00040669717455221597,0.0003370544881317252],"translate":[150.827231422246,-33.95189372374087]},"objects":{"nswpol-maps-2013-p100-alldistricts":{"type":"GeometryCollection","geometries":[{"arcs":[[0]],"type":"Polygon","properties":{"ID":55,"Name":"Liverpool","Electors":50945,"ProjectedPopulation":52671,"Members":1,"ElectorDeviation":-1.31394,"ProjectedDeviation":-0.186895}}]}}}