{"type":"Topology","arcs":[[[3117,65],[-494,81],[-105,108],[-16,-88],[-77,12],[-65,45],[-27,28],[-41,-251],[-10,1],[-162,29],[32,193],[-177,25],[-171,32],[-180,28],[-26,1],[-149,27],[-40,-222],[-174,32],[46,262],[-172,29],[-7,-43],[-183,34],[52,288],[-322,61],[40,227],[-176,29],[-37,-208],[-258,41],[30,193],[-73,23],[-61,80],[-56,105],[-43,45],[23,149],[-38,51],[45,260],[-4,27],[1,20],[43,47],[62,20],[52,48],[58,69],[21,89],[65,141],[15,93],[-33,45],[33,2],[5,27],[62,-25],[42,40],[9,56],[67,-11],[-13,-83],[200,-32],[26,151],[173,-29],[48,-69],[36,-10],[47,48],[22,0],[-10,-57],[344,-57],[355,-62],[322,-58],[-25,-18],[-5,-62],[35,1],[-36,-80],[11,-45],[-2,-83],[-37,1],[-40,16],[-17,-46],[18,-45],[9,-68],[45,-67],[60,-18],[16,-37],[-5,-31],[-38,-22],[32,-22],[40,-70],[-4,-44],[51,-14],[19,-40],[82,-53],[43,-71],[34,40],[98,-16],[45,-49],[9,-66],[-9,-24],[-46,-54],[37,-48],[78,-24],[50,-71],[64,-109],[33,-20],[54,0],[30,19],[39,51],[-7,60],[11,20],[53,22],[51,-5],[28,-36],[105,-24],[105,-54],[31,-1],[60,28],[18,-11],[-1,-48],[-39,-60],[10,-42],[47,-40],[13,-32],[-7,-54],[9,-21],[39,15],[23,52],[34,19],[31,-2],[30,-31],[-14,-31],[-40,-31],[-159,-167],[-51,-96],[-43,-41],[-76,-25],[-69,7],[-25,-7],[-22,-40],[18,-46],[78,-44],[29,-29],[-14,-53]]],"transform":{"scale":[0.00009841293611537894,0.00008201803642474492],"translate":[151.3990268094239,-32.81045456569636]},"objects":{"nswpol-maps-2013-p100-alldistricts":{"type":"GeometryCollection","geometries":[{"arcs":[[0]],"type":"Polygon","properties":{"ID":27,"Name":"Maitland","Electors":49599,"ProjectedPopulation":51214,"Members":1,"ElectorDeviation":-3.92129,"ProjectedDeviation":-2.94795}}]}}}