{"type":"Topology","arcs":[[[225,56],[-134,24],[38,73],[28,128],[-22,41],[-43,-22],[-92,18],[29,59],[88,15],[64,-9],[24,22],[47,9],[-5,39],[58,-13],[13,-52],[-31,-46],[41,-38],[38,-56],[43,-21],[-6,-40],[-51,-56],[16,-24],[54,-12],[-18,-47],[-46,-16],[-17,-32],[-47,16],[-25,34],[-44,6]]],"transform":{"scale":[0.0004070473524202218,0.00033833890902325384],"translate":[150.84933326652393,-34.05911659367206]},"objects":{"nswpol-maps-2013-p100-alldistricts":{"type":"GeometryCollection","geometries":[{"arcs":[[0]],"type":"Polygon","properties":{"ID":75,"Name":"Holsworthy","Electors":50789,"ProjectedPopulation":52764,"Members":1,"ElectorDeviation":-1.61613,"ProjectedDeviation":-0.010657}}]}}}