{"type":"Topology","arcs":[[[591,417],[-71,-70],[-47,-58],[-4,-73],[-29,-41],[85,-32],[28,-133],[-32,-10],[-71,11],[-52,27],[-73,17],[-66,18],[-56,37],[-38,-29],[-54,111],[-60,15],[-29,25],[-22,40],[36,59],[27,24],[56,8],[8,25],[-15,54],[-29,8],[18,49],[308,-56],[20,17],[98,0],[42,-14],[22,-29]]],"transform":{"scale":[0.00009840136769960547,0.00008201836241602861],"translate":[151.18598587043732,-33.89072053263083]},"objects":{"nswpol-maps-2013-p100-alldistricts":{"type":"GeometryCollection","geometries":[{"arcs":[[0]],"type":"Polygon","properties":{"ID":91,"Name":"Sydney","Electors":48837,"ProjectedPopulation":50953,"Members":1,"ElectorDeviation":-5.39737,"ProjectedDeviation":-3.44256}}]}}}