{"type":"Topology","arcs":[[[779,217],[37,-94],[34,-45],[-72,-15],[-42,12],[-81,40],[-71,4],[-357,-115],[-42,-4],[-81,10],[9,40],[-1,51],[-28,52],[-4,76],[-21,34],[-3,39],[11,60],[-24,45],[-2,29],[32,23],[83,8],[30,85],[-52,14],[-29,-33],[-69,96],[-9,26],[39,117],[42,138],[-1,43],[-27,84],[-6,38],[-19,33],[-38,27],[-17,41],[52,331],[196,14],[-6,31],[58,37],[123,-3],[5,16],[48,3],[42,14],[59,-7],[36,21],[5,23],[11,-69],[-30,-134],[1,-82],[40,-141],[38,-82],[77,-74],[31,-21],[-14,-12],[90,-189],[9,3],[66,-134],[-8,-4],[43,-86],[-229,-81],[-53,-12],[20,-106],[18,-61],[51,-154]]],"transform":{"scale":[0.000051611007376949404,0.000043063165449158054],"translate":[151.03672399148826,-33.9525946436196]},"objects":{"nswpol-maps-2013-p100-alldistricts":{"type":"GeometryCollection","geometries":[{"arcs":[[0]],"type":"Polygon","properties":{"ID":83,"Name":"Lakemba","Electors":51566,"ProjectedPopulation":52780,"Members":1,"ElectorDeviation":-0.110998,"ProjectedDeviation":0.0196635}}]}}}