{"type":"Topology","arcs":[[[828,354],[-65,7],[-18,-27],[-39,-13],[-16,-62],[4,-59],[-78,8],[-5,-30],[-72,12],[-48,-12],[-33,-126],[-33,-52],[-179,178],[-63,105],[-56,33],[-33,9],[-48,-2],[-43,49],[-3,177],[25,7],[115,10],[32,80],[33,31],[11,30],[51,-23],[104,2],[57,-22],[-8,-16],[65,-93],[-22,-103],[49,-10],[58,12],[76,0],[36,-12],[37,-30],[60,11],[15,-7],[34,-62]]],"transform":{"scale":[0.00009835359192817103,0.00008200869499941821],"translate":[150.94868924155236,-33.86408539490591]},"objects":{"nswpol-maps-2013-p100-alldistricts":{"type":"GeometryCollection","geometries":[{"arcs":[[0]],"type":"Polygon","properties":{"ID":58,"Name":"Granville","Electors":50784,"ProjectedPopulation":51948,"Members":1,"ElectorDeviation":-1.62582,"ProjectedDeviation":-1.557}}]}}}