{"type":"Topology","arcs":[[[3619,1270],[-19,8],[-566,92],[-135,-191],[-55,-38],[-74,-69],[-39,-13],[-120,6],[-27,-9],[-25,-31],[-11,-78],[-17,-33],[-48,-60],[-65,-109],[-61,-70],[-20,-52],[7,-118],[37,-176],[-60,-34],[-39,-9],[-8,-20],[-73,45],[-31,-3],[-24,-23],[-35,-46],[-78,-120],[-68,-22],[-35,-29],[-26,2],[-122,19],[-122,22],[-181,35],[-150,114],[-32,11],[-230,36],[-46,-274],[-3,4],[-180,-22],[-171,-15],[-191,29],[-105,53],[-13,112],[-52,88],[-102,50],[-132,128],[-61,46],[-11,31],[35,48],[17,41],[10,47],[-2,31],[-34,63],[-16,49],[11,49],[121,189],[31,36],[24,16],[57,12],[91,-3],[97,-34],[37,-5],[49,20],[29,32],[72,152],[33,45],[121,96],[38,53],[29,24],[-104,158],[-50,118],[-63,179],[-18,46],[-5,31],[2,84],[313,-57],[120,-19],[11,63],[34,27],[65,3],[47,33],[31,6],[8,-26],[27,-11],[-1,-21],[-18,-108],[205,-36],[35,21],[30,32],[20,56],[28,174],[26,59],[47,52],[20,27],[11,39],[0,34],[-25,78],[-19,38],[-118,182],[-20,47],[3,62],[21,41],[35,30],[107,49],[38,6],[37,-4],[54,-15],[50,0],[43,27],[40,63],[15,18],[30,16],[39,7],[178,-11],[46,-9],[134,-46],[34,-6],[34,9],[23,16],[34,58],[20,-62],[28,-31],[50,-9],[38,12],[20,-14],[-15,-21],[-51,-14],[-24,-40],[5,-40],[45,-79],[17,-8],[41,9],[8,-54],[32,-1],[17,26],[12,-31],[20,-1],[21,18],[372,-61],[10,61],[101,-17],[66,-6],[307,-49],[12,-92],[25,-100],[26,-82],[37,-73],[37,-43],[26,-4],[11,15],[42,-60],[-3,-20],[18,-27],[-1,-31],[20,-54],[16,-27],[35,-27],[28,-13],[44,-1],[26,11],[26,-4],[49,20],[50,-20],[12,-29],[49,-63],[47,-28],[29,-4],[12,-22],[-23,-16],[-65,10],[-56,-9],[-41,-25],[-34,3],[-30,-7],[-49,-31],[-71,-22],[-52,-29],[-67,-53],[-61,-54],[-10,-1],[-85,-79],[-32,-42],[-26,-25],[-39,-60],[-19,-48],[-5,-32],[7,-50],[19,-10],[19,14],[25,-9],[18,-43],[-1,-40]]],"transform":{"scale":[0.00002644404718827999,0.00002207090702483081],"translate":[151.20402380724514,-33.784640305166455]},"objects":{"nswpol-maps-2013-p100-alldistricts":{"type":"GeometryCollection","geometries":[{"arcs":[[0]],"type":"Polygon","properties":{"ID":68,"Name":"Wakehurst","Electors":51884,"ProjectedPopulation":53022,"Members":1,"ElectorDeviation":0.505002,"ProjectedDeviation":0.478261}}]}}}