{"type":"Topology","arcs":[[[757,0],[-57,22],[-104,-2],[-51,23],[-41,20],[-62,14],[-41,28],[-34,74],[-8,91],[-75,13],[-140,-113],[-46,-15],[-45,26],[-25,44],[18,60],[-5,85],[41,58],[37,-5],[73,8],[36,40],[-14,27],[-61,10],[-8,37],[17,45],[5,86],[-41,8],[-25,34],[-59,34],[-42,3],[18,114],[116,-38],[81,-33],[92,-58],[59,-48],[53,-61],[85,-136],[20,-22],[56,-24],[93,12],[163,48],[67,11],[18,-53],[-16,-20],[1,-52],[25,-12],[15,-48],[-50,-48],[-43,17],[11,-65],[-20,-76],[-25,-23],[-4,-53],[-58,-87]]],"transform":{"scale":[0.00009833916576628257,0.00008195225723690612],"translate":[150.9163483216879,-33.80959704913331]},"objects":{"nswpol-maps-2013-p100-alldistricts":{"type":"GeometryCollection","geometries":[{"arcs":[[0]],"type":"Polygon","properties":{"ID":72,"Name":"Seven Hills","Electors":52385,"ProjectedPopulation":53177,"Members":1,"ElectorDeviation":1.47549,"ProjectedDeviation":0.77199}}]}}}