{"type":"Topology","arcs":[[[1696,2214],[-29,-56],[-30,-25],[-4,-51],[-48,-48],[-13,-37],[-43,-71],[6,-38],[-58,-59],[1,-34],[-28,-33],[-1,-103],[4,-61],[-28,-33],[-7,-27],[-35,-26],[-41,-107],[7,-44],[-3,-51],[-23,-78],[127,-56],[-4,-22],[-32,-45],[-9,-63],[-44,-128],[-6,-59],[-28,-54],[-14,-43],[33,-29],[45,-21],[26,-29],[44,-74],[196,-304],[-67,-39],[-28,34],[-149,-57],[-82,-59],[-28,-40],[-19,-42],[-34,-102],[-30,20],[-17,30],[-35,-31],[-12,12],[-5,46],[-13,26],[29,31],[-21,63],[-30,8],[-14,-30],[-29,11],[-54,13],[5,39],[-23,13],[-81,7],[-38,-4],[-37,47],[-27,10],[-8,22],[-39,19],[8,25],[-27,112],[-57,27],[-79,-12],[-34,-16],[-77,14],[-18,106],[-23,14],[-35,54],[-27,-12],[-11,39],[1,30],[-19,19],[-12,59],[-62,3],[-37,14],[-8,38],[-44,37],[3,57],[24,28],[-37,57],[-5,70],[18,34],[-11,15],[-59,23],[-52,5],[-68,31],[-23,18],[108,140],[27,24],[55,22],[66,2],[59,14],[35,27],[29,45],[7,63],[-18,53],[-27,52],[-8,45],[17,106],[20,-22],[225,-38],[0,-8],[125,-21],[14,73],[5,109],[11,39],[36,69],[15,49],[1,31],[18,19],[28,60],[24,12],[17,-20],[62,-6],[19,41],[18,0],[76,64],[56,15],[0,36],[-29,9],[35,79],[-1,22],[72,5],[39,50],[64,29],[15,24],[-5,38],[19,41],[19,13],[39,3],[35,46],[39,8],[-28,59],[32,28],[41,-10],[36,71],[27,25],[34,-50],[81,-65],[4,-37],[34,-38],[-21,-55],[12,-38],[-23,-13],[2,-25],[21,-29],[8,-36],[44,-13],[15,-18],[-33,-41],[2,-26],[-37,-63],[-44,-47],[-4,-21],[32,-47]]],"transform":{"scale":[0.00005163049578458556,0.00004307573472443719],"translate":[151.07995095993326,-33.78346842460328]},"objects":{"nswpol-maps-2013-p100-alldistricts":{"type":"GeometryCollection","geometries":[{"arcs":[[0]],"type":"Polygon","properties":{"ID":62,"Name":"Ku-ring-gai","Electors":51181,"ProjectedPopulation":52562,"Members":1,"ElectorDeviation":-0.856786,"ProjectedDeviation":-0.393453}}]}}}