{"type":"Topology","arcs":[[[1755,620],[-33,-46],[-150,-244],[-67,-118],[-85,-186],[-40,12],[-44,-5],[-30,-24],[-33,14],[-59,-23],[-57,6],[-9,45],[55,21],[-1,40],[-52,-5],[-26,20],[-287,-92],[-42,-32],[-138,25],[-26,-2],[-445,75],[12,29],[55,40],[19,27],[-82,13],[-162,163],[-28,47],[154,121],[91,76],[93,32],[146,34],[145,64],[69,40],[49,38],[128,118],[30,44],[25,19],[106,45],[48,37],[16,40],[25,111],[26,-17],[37,0],[73,-37],[33,-26],[70,-125],[27,-7],[-6,-24],[29,-43],[44,-41],[268,-266],[29,-33]]],"transform":{"scale":[0.00005163378651009497,0.000043054951822755],"translate":[150.89989855748047,-33.890758941839294]},"objects":{"nswpol-maps-2013-p100-alldistricts":{"type":"GeometryCollection","geometries":[{"arcs":[[0]],"type":"Polygon","properties":{"ID":57,"Name":"Fairfield","Electors":51814,"ProjectedPopulation":52772,"Members":1,"ElectorDeviation":0.369405,"ProjectedDeviation":0.00450324}}]}}}