{"type":"Topology","arcs":[[[2314,114],[-15,5],[-34,47],[-20,-12],[8,-64],[-79,-15],[-26,5],[-38,25],[-105,95],[-5,14],[16,43],[44,10],[57,0],[9,24],[-17,36],[-64,24],[-53,-6],[-85,-41],[-39,-26],[-73,-80],[-21,11],[21,53],[-13,11],[-43,-12],[-5,-27],[-52,-23],[-51,6],[4,42],[-38,1],[-26,-28],[-37,-1],[-77,-45],[-55,-23],[-7,41],[-17,0],[-7,-46],[-34,8],[-64,42],[-82,-9],[-16,36],[-20,-5],[-7,-58],[-62,-28],[-34,-3],[-52,-81],[-18,-60],[-57,41],[-79,37],[-18,16],[-26,57],[-42,7],[-49,34],[-116,42],[-97,72],[-160,53],[-126,65],[-212,36],[71,118],[65,119],[99,216],[13,66],[95,-16],[37,29],[54,24],[3,27],[32,14],[45,-11],[17,-17],[34,17],[17,-25],[58,0],[40,18],[50,6],[49,25],[48,-106],[28,-46],[162,-164],[82,-12],[-19,-27],[-55,-40],[-12,-30],[445,-75],[26,2],[138,-25],[42,32],[287,93],[26,-21],[52,5],[1,-40],[-55,-21],[9,-45],[58,-6],[58,23],[33,-14],[21,-46],[-5,-41],[10,-60],[75,-32],[10,-57],[70,-78],[51,-42],[3,-15],[-37,-59],[-17,-9]]],"transform":{"scale":[0.0000516382513630995,0.00004308228409000717],"translate":[150.85718558390406,-33.91421534189049]},"objects":{"nswpol-maps-2013-p100-alldistricts":{"type":"GeometryCollection","geometries":[{"arcs":[[0]],"type":"Polygon","properties":{"ID":56,"Name":"Cabramatta","Electors":52854,"ProjectedPopulation":53346,"Members":1,"ElectorDeviation":2.384,"ProjectedDeviation":1.09225}}]}}}