{"type":"Topology","arcs":[[[223,79],[-43,-76],[-14,-2],[-23,15],[-42,-16],[-77,12],[-24,41],[95,52],[48,53],[80,-79]]],"transform":{"scale":[0.00040687841720017843,0.00033829392193293866],"translate":[150.89974098154374,-33.89071550966601]},"objects":{"nswpol-maps-2013-p100-alldistricts":{"type":"GeometryCollection","geometries":[{"arcs":[[0]],"type":"Polygon","properties":{"ID":57,"Name":"Fairfield","Electors":51814,"ProjectedPopulation":52772,"Members":1,"ElectorDeviation":0.369405,"ProjectedDeviation":0.00450324}}]}}}