{"type":"Topology","arcs":[[[2114,331],[-47,-103],[-15,-21],[-59,-2],[-126,-23],[-51,-43],[-120,-63],[-66,-1],[7,53],[-26,-1],[-1,43],[-26,-9],[-65,-45],[-18,-1],[-65,29],[-52,15],[-97,12],[-20,-9],[-31,-75],[-28,-25],[-27,-10],[-51,-52],[-46,39],[-18,75],[-44,49],[-52,-2],[-53,-32],[-42,-8],[-183,20],[-131,186],[-55,32],[-12,14],[33,24],[-15,19],[71,91],[57,38],[-58,10],[78,504],[-660,120],[110,614],[28,172],[22,166],[53,321],[113,633],[20,-3],[77,479],[52,-55],[67,-38],[58,-46],[147,-22],[29,167],[201,-206],[275,-47],[665,-106],[-64,-65],[-61,-38],[-85,-42],[-92,-30],[-77,-33],[-48,-38],[-21,-38],[-60,-5],[-7,-17],[29,-63],[104,-290],[81,-218],[44,-130],[132,-364],[108,-299],[41,-123],[33,-74],[31,-48],[69,-78],[69,-45],[84,-37],[69,-53],[114,-128],[-48,-16],[-28,-121],[-32,-164],[-74,-44],[-54,-11],[-83,-1],[-48,-27],[57,-77],[13,-33],[-16,-96],[17,-31]]],"transform":{"scale":[0.00005163409032188403,0.000043086272644220786],"translate":[151.60674430070927,-32.943283330996074]},"objects":{"nswpol-maps-2013-p100-alldistricts":{"type":"GeometryCollection","geometries":[{"arcs":[[0]],"type":"Polygon","properties":{"ID":30,"Name":"Wallsend","Electors":54302,"ProjectedPopulation":54089,"Members":1,"ElectorDeviation":5.18893,"ProjectedDeviation":2.50026}}]}}}