{"type":"Topology","arcs":[[[2236,1532],[-21,-29],[12,-50],[-1,-47],[-29,-29],[-40,-15],[-50,-49],[-37,-52],[-53,-86],[23,-44],[16,-63],[-9,-22],[4,-44],[48,-61],[3,-24],[-17,-33],[-4,-106],[24,-48],[-1,-34],[-21,-35],[7,-35],[-16,-54],[19,-46],[-25,-19],[-17,-90],[-47,-41],[-17,-43],[-50,-2],[-20,10],[-274,-183],[-202,-158],[-207,99],[-44,29],[41,66],[41,49],[48,23],[122,25],[23,13],[46,54],[37,54],[78,71],[-402,71],[-19,-30],[-52,-48],[-38,-26],[-22,-31],[-33,-19],[-58,3],[-26,11],[-16,43],[-49,39],[-59,23],[-20,17],[-14,50],[-45,-4],[-132,32],[-114,12],[-109,-18],[-78,4],[-340,82],[115,466],[232,30],[64,43],[-3,17],[-39,45],[-74,42],[13,41],[46,37],[28,11],[17,27],[65,9],[43,-29],[52,4],[56,13],[72,39],[59,22],[40,55],[149,71],[10,88],[-26,2],[-18,32],[10,22],[-35,23],[-17,36],[-82,57],[31,31],[10,55],[51,51],[28,10],[28,25],[31,76],[20,9],[96,-12],[53,-15],[65,-29],[18,1],[64,45],[26,9],[1,-43],[26,1],[-7,-54],[67,1],[119,64],[52,43],[125,23],[59,2],[15,20],[48,104],[29,-44],[67,-61],[240,-42],[19,-10],[279,-47],[-8,-15],[-46,-7],[-52,-27],[-45,-61],[-23,-17],[-83,-13],[-58,7],[-41,-13],[-34,-26],[-30,-54],[8,-7],[-2,-162],[35,-6],[-19,-105],[47,-26],[59,-14],[56,-37],[35,5]]],"transform":{"scale":[0.00005163149110416195,0.00004308574792261901],"translate":[151.62283234009485,-33.0287040785317]},"objects":{"nswpol-maps-2013-p100-alldistricts":{"type":"GeometryCollection","geometries":[{"arcs":[[0]],"type":"Polygon","properties":{"ID":31,"Name":"Charlestown","Electors":53454,"ProjectedPopulation":53201,"Members":1,"ElectorDeviation":3.54626,"ProjectedDeviation":0.817471}}]}}}