{"type":"Topology","arcs":[[[2991,2455],[-163,27],[-68,8],[-17,-33],[-144,-28],[-71,2],[-199,32],[-55,-93],[-28,-63],[-158,-270],[-23,-30],[-45,-27],[-54,-19],[-59,-8],[-106,6],[-51,-3],[-83,-18],[-38,-14],[-76,-36],[-12,3],[-60,-29],[-43,-35],[-20,-30],[-17,-53],[-7,-69],[-20,-38],[-25,-24],[-43,-20],[-67,-20],[4,-15],[64,-168],[43,-86],[37,-57],[49,-57],[37,-36],[-48,-63],[11,-48],[-47,-61],[148,-680],[38,-285],[-2,-17],[-636,282],[-62,319],[-20,83],[-87,411],[-167,157],[-128,125],[-29,44],[-65,49],[-38,21],[-99,47],[-22,16],[-23,40],[14,80],[30,149],[6,67],[-14,105],[-15,87],[-107,45],[-47,26],[-11,34],[23,50],[1,21],[-29,40],[-20,50],[-28,45],[29,54],[12,33],[10,70],[21,65],[46,70],[43,40],[582,455],[37,18],[186,66],[36,16],[37,28],[46,60],[14,41],[42,177],[27,32],[68,33],[49,19],[80,21],[149,2],[144,45],[277,-15],[5,38],[246,-40],[3,-11],[90,-16],[42,240],[45,278],[44,-20],[87,-7],[80,-19],[59,-21],[52,-29],[60,-38],[38,-17],[46,-13],[73,-4],[57,11],[99,-40],[34,-8],[68,12],[52,25],[14,-4],[46,-17],[-40,-188],[-1,-28],[6,-71],[46,-30],[6,-18],[-21,-133],[-11,-93],[-40,-10],[-54,-2],[-140,-87],[-117,0],[-47,-65],[84,-59],[24,-29],[30,-63],[42,-65],[-15,-66],[-25,-167],[66,-11],[-35,-185],[-8,-3],[-34,-195]]],"transform":{"scale":[0.00002644301346402259,0.000022077423894803453],"translate":[151.15540439020572,-33.979170325588186]},"objects":{"nswpol-maps-2013-p100-alldistricts":{"type":"GeometryCollection","geometries":[{"arcs":[[0]],"type":"Polygon","properties":{"ID":92,"Name":"Heffron","Electors":49601,"ProjectedPopulation":51537,"Members":1,"ElectorDeviation":-3.91742,"ProjectedDeviation":-2.33586}}]}}}