{"type":"Topology","arcs":[[[227,3],[-133,26],[-41,-7],[-33,-22],[10,41],[38,35],[-65,74],[-3,26],[54,34],[21,43],[40,2],[18,104],[67,-10],[19,-16],[77,126],[-13,51],[5,103],[19,87],[112,-20],[66,-33],[84,-28],[51,-38],[109,-43],[22,-39],[72,-41],[36,74],[73,30],[43,5],[34,-21],[34,-2],[102,50],[46,-25],[58,27],[0,-34],[-13,-27],[37,-137],[-22,-29],[-94,-23],[-82,16],[-39,-26],[-8,-43],[-28,-48],[-22,24],[-264,42],[-73,-13],[-152,-6],[-18,-9],[-8,-49],[-61,10],[-26,18],[-30,-14],[-4,-40],[-45,-20],[-33,-72],[-32,-16],[-5,-97]]],"transform":{"scale":[0.00009840719424205642,0.00008201673506756078],"translate":[150.82692373001453,-33.95178645814648]},"objects":{"nswpol-maps-2013-p100-alldistricts":{"type":"GeometryCollection","geometries":[{"arcs":[[0]],"type":"Polygon","properties":{"ID":55,"Name":"Liverpool","Electors":50945,"ProjectedPopulation":52671,"Members":1,"ElectorDeviation":-1.31394,"ProjectedDeviation":-0.186895}}]}}}