{"type":"Topology","arcs":[[[294,3],[-8,-3],[-58,13],[-126,-5],[-102,40],[32,66],[73,-2],[24,-41],[77,-13],[42,17],[23,-16],[23,-56]]],"transform":{"scale":[0.0004062160184746455,0.00033611299514814765],"translate":[150.8570882996039,-33.91035693629004]},"objects":{"nswpol-maps-2013-p100-alldistricts":{"type":"GeometryCollection","geometries":[{"arcs":[[0]],"type":"Polygon","properties":{"ID":56,"Name":"Cabramatta","Electors":52854,"ProjectedPopulation":53346,"Members":1,"ElectorDeviation":2.384,"ProjectedDeviation":1.09225}}]}}}