{"type":"Topology","arcs":[[[2255,2315],[-18,-104],[-39,-2],[-21,-43],[-55,-34],[3,-26],[66,-74],[-39,-35],[-10,-41],[-63,-3],[-9,-56],[-63,-127],[-111,-254],[-79,-190],[-25,-49],[4,-49],[-65,-41],[12,-72],[-4,-35],[18,-55],[-1,-64],[-33,-64],[-35,-50],[25,-32],[-24,-65],[-33,-41],[19,-40],[-24,-45],[-41,-40],[-18,-72],[-39,-30],[-45,-65],[-250,-33],[-9,-31],[-14,-160],[-10,-21],[-94,17],[-14,-90],[-34,6],[-17,-105],[-29,0],[-95,43],[-14,-43],[-116,49],[3,45],[-25,36],[-12,87],[5,46],[-214,37],[-9,-20],[-127,28],[-80,33],[-39,27],[49,127],[60,14],[23,41],[-53,28],[19,101],[23,37],[-3,28],[57,133],[-2,28],[26,21],[8,55],[27,31],[-13,18],[-72,-3],[-30,11],[-24,32],[-25,56],[-43,46],[-15,57],[10,57],[101,82],[89,104],[12,43],[-30,35],[-126,-13],[-59,18],[-50,65],[-64,43],[-92,36],[-18,39],[22,126],[-30,21],[-18,-29],[-32,3],[-40,44],[-1,49],[19,61],[72,143],[45,44],[78,17],[5,35],[44,28],[53,114],[-4,25],[-55,51],[-44,5],[-42,71],[-6,40],[1,113],[7,60],[37,33],[10,84],[536,-84],[-31,44],[11,89],[58,61],[21,39],[112,-9],[40,-14],[56,-38],[497,-81],[12,-64],[-32,-65],[19,-27],[41,-2],[-3,-46],[-19,-23],[20,-32],[-80,-51],[-7,-73],[-34,-4],[-28,-35],[-10,-35],[99,26],[125,-20],[20,-16],[612,-101]]],"transform":{"scale":[0.00009840597260601616,0.0000820368684613309],"translate":[150.6180715246248,-34.11224692200144]},"objects":{"nswpol-maps-2013-p100-alldistricts":{"type":"GeometryCollection","geometries":[{"arcs":[[0]],"type":"Polygon","properties":{"ID":45,"Name":"Camden","Electors":46739,"ProjectedPopulation":49966,"Members":1,"ElectorDeviation":-9.46143,"ProjectedDeviation":-5.31295}}]}}}