{"type":"Topology","arcs":[[[842,214],[-41,-25],[-53,10],[-23,-14],[-38,9],[-24,-37],[-32,5],[-16,-22],[-78,14],[-104,-76],[-21,1],[-72,0],[-97,-39],[-118,-6],[-77,-34],[-37,113],[-11,55],[149,50],[-105,215],[7,6],[63,62],[55,29],[31,-27],[49,-20],[28,11],[87,10],[17,-13],[14,-25],[60,29],[60,-22],[22,8],[94,-23],[7,-90],[50,-39],[-29,-61],[40,-18],[69,18],[28,-22],[25,3],[21,-35]]],"transform":{"scale":[0.00009833794280964541,0.0000819707701497274],"translate":[151.0723055888656,-33.94325996588698]},"objects":{"nswpol-maps-2013-p100-alldistricts":{"type":"GeometryCollection","geometries":[{"arcs":[[0]],"type":"Polygon","properties":{"ID":84,"Name":"Canterbury","Electors":53644,"ProjectedPopulation":54365,"Members":1,"ElectorDeviation":3.91432,"ProjectedDeviation":3.02329}}]}}}