{"type":"Topology","arcs":[[[2214,1057],[-250,44],[-29,12],[-49,-53],[-81,9],[-89,-38],[-77,-46],[30,-31],[36,15],[66,-8],[35,-81],[-29,-45],[14,-45],[-48,-19],[1,-67],[-45,-43],[21,-47],[-65,-73],[4,-53],[-25,-25],[13,-39],[-22,-43],[-41,62],[-35,7],[-8,39],[-103,-31],[14,-58],[-127,-34],[6,-49],[-42,8],[-38,-28],[-48,1],[-13,-36],[27,-58],[-9,-29],[-77,-35],[-8,-43],[-76,-14],[-64,-1],[-62,-36],[-47,18],[-32,-64],[-39,10],[-21,42],[-59,-7],[-17,19],[10,64],[-19,26],[-37,-21],[-53,11],[72,135],[4,66],[-28,30],[-3,84],[-61,0],[-22,-34],[-37,19],[-34,72],[-32,20],[-20,-48],[-71,-45],[-28,-63],[-59,50],[-6,31],[22,94],[-27,17],[0,52],[-43,38],[-30,2],[16,-105],[28,-61],[-3,-51],[-193,29],[-4,20],[-11,111],[14,39],[-51,34],[3,86],[53,52],[31,-1],[58,335],[59,-4],[33,116],[-29,50],[12,43],[-16,39],[24,29],[44,-36],[59,14],[59,-42],[73,8],[3,31],[153,-25],[35,224],[14,33],[-4,59],[6,90],[19,47],[-12,39],[-80,34],[-93,77],[52,70],[-16,78],[27,53],[-15,91],[3,53],[21,41],[-24,72],[21,62],[44,87],[68,6],[20,67],[58,71],[1,40],[-42,139],[26,76],[-59,56],[-28,8],[-1,50],[-38,26],[-16,33],[45,47],[15,51],[64,35],[5,30],[54,45],[0,73],[35,13],[20,34],[-34,29],[-12,78],[30,53],[38,-4],[27,52],[6,38],[25,21],[93,5],[-10,120],[19,61],[19,-4],[43,53],[48,29],[9,42],[32,8],[28,56],[-9,43],[20,45],[66,9],[40,-34],[56,-17],[23,20],[50,-12],[37,47],[67,48],[1,69],[-12,32],[141,-22],[10,47],[119,-26],[119,-186],[-44,-59],[-36,2],[1,-85],[47,-39],[41,4],[22,-32],[64,-19],[38,6],[84,-38],[28,-33],[33,9],[-17,-115],[55,-28],[144,-103],[52,-50],[-47,-78],[-24,-70],[-16,-103],[10,-38],[-29,-53],[-12,-51],[-5,-100],[17,-86],[-42,-83],[-28,-133],[4,-67],[28,-25],[-12,-110],[11,-31],[7,-114],[18,-63],[29,-50],[34,-27],[97,-20],[32,-93],[-80,-111],[-45,-135],[-2,-85],[15,-40],[50,-31],[-40,-68],[-122,-158],[-33,-64],[-23,-81],[-2,-45],[-26,-63],[-6,-89],[22,-35],[-14,-91],[3,-57]]],"transform":{"scale":[0.0004073163977640228,0.00033832080368892555],"translate":[152.06454695015523,-31.668336385746734]},"objects":{"nswpol-maps-2013-p100-alldistricts":{"type":"GeometryCollection","geometries":[{"arcs":[[0]],"type":"Polygon","properties":{"ID":23,"Name":"Oxley","Electors":51704,"ProjectedPopulation":52940,"Members":1,"ElectorDeviation":0.156323,"ProjectedDeviation":0.322868}}]}}}