{"type":"Topology","arcs":[[[1135,1535],[-115,-66],[-4,-80],[13,-39],[54,-82],[-12,-38],[43,-72],[21,-90],[-31,-55],[5,-59],[-11,-20],[7,-41],[-22,-30],[-10,-41],[-33,-23],[-2,-22],[23,-43],[-6,-40],[10,-43],[-9,-17],[-1,-58],[17,-53],[-11,-46],[-25,-33],[5,-60],[54,-147],[3,-41],[-11,-101],[-31,-37],[-21,14],[-9,48],[-46,4],[-49,-14],[-42,-31],[-22,-35],[14,-44],[-30,24],[-19,-10],[-28,13],[-302,55],[-54,57],[-78,-10],[-92,24],[-55,-9],[-7,1],[-55,253],[-47,11],[-29,30],[-85,22],[26,52],[30,23],[17,63],[-8,78],[88,108],[63,64],[33,21],[39,50],[50,-7],[49,12],[28,53],[55,53],[54,77],[62,60],[75,86],[40,70],[72,85],[69,100],[33,132],[131,54],[129,-160]]],"transform":{"scale":[0.0000516259163124174,0.00004308429382816735],"translate":[151.22926646924677,-33.896162061412326]},"objects":{"nswpol-maps-2013-p100-alldistricts":{"type":"GeometryCollection","geometries":[{"arcs":[[0]],"type":"Polygon","properties":{"ID":86,"Name":"Vaucluse","Electors":52366,"ProjectedPopulation":53378,"Members":1,"ElectorDeviation":1.43869,"ProjectedDeviation":1.15289}}]}}}