{"type":"Topology","arcs":[[[284,196],[-28,-46],[10,-30],[-6,-67],[-77,-53],[-32,16],[55,46],[-51,9],[-21,-19],[-36,22],[-98,15],[14,59],[38,10],[66,51],[-14,44],[17,21],[54,-11],[54,33],[80,-27],[-52,-29],[27,-44]]],"transform":{"scale":[0.0004065745498236498,0.00033721988554775946],"translate":[151.62289781625094,-33.028746672411316]},"objects":{"nswpol-maps-2013-p100-alldistricts":{"type":"GeometryCollection","geometries":[{"arcs":[[0]],"type":"Polygon","properties":{"ID":31,"Name":"Charlestown","Electors":53454,"ProjectedPopulation":53201,"Members":1,"ElectorDeviation":3.54626,"ProjectedDeviation":0.817471}}]}}}