{"type":"Topology","arcs":[[[467,681],[-53,-49],[-40,-62],[16,-61],[-47,-72],[-6,-76],[-36,-63],[14,-48],[-33,-67],[-55,-39],[-69,-76],[-22,-68],[-14,37],[-72,-3],[-21,58],[-29,30],[38,55],[-26,15],[38,42],[3,74],[15,45],[95,62],[-12,100],[112,-8],[46,80],[-36,138],[11,45],[98,-14],[37,-23],[20,19],[51,-9],[-55,-45],[32,-17]]],"transform":{"scale":[0.00040674357174533987,0.00033829921521913404],"translate":[151.5073478233594,-33.25929194229341]},"objects":{"nswpol-maps-2013-p100-alldistricts":{"type":"GeometryCollection","geometries":[{"arcs":[[0]],"type":"Polygon","properties":{"ID":32,"Name":"Swansea","Electors":52510,"ProjectedPopulation":53169,"Members":1,"ElectorDeviation":1.71763,"ProjectedDeviation":0.75683}}]}}}