{"type":"Topology","arcs":[[[200,86],[-32,-37],[-49,-6],[-16,-43],[-80,79],[-23,54],[34,5],[18,34],[52,-11],[8,-51],[77,-8],[11,-16]]],"transform":{"scale":[0.00040713923669841276,0.00033696690738908565],"translate":[150.94859768994755,-33.86399028983331]},"objects":{"nswpol-maps-2013-p100-alldistricts":{"type":"GeometryCollection","geometries":[{"arcs":[[0]],"type":"Polygon","properties":{"ID":58,"Name":"Granville","Electors":50784,"ProjectedPopulation":51948,"Members":1,"ElectorDeviation":-1.62582,"ProjectedDeviation":-1.557}}]}}}