{"type":"Topology","arcs":[[[921,324],[-96,-153],[-35,-61],[-44,-98],[-61,-9],[-78,-1],[-5,23],[29,31],[-41,9],[-150,-48],[-22,-17],[-320,52],[45,50],[-43,7],[-85,86],[-15,25],[129,102],[126,36],[76,33],[61,41],[96,95],[81,43],[21,79],[33,-9],[56,-33],[63,-105],[179,-178]]],"transform":{"scale":[0.00009836432202406735,0.00008195542490237259],"translate":[150.899885624528,-33.890639327942644]},"objects":{"nswpol-maps-2013-p100-alldistricts":{"type":"GeometryCollection","geometries":[{"arcs":[[0]],"type":"Polygon","properties":{"ID":57,"Name":"Fairfield","Electors":51814,"ProjectedPopulation":52772,"Members":1,"ElectorDeviation":0.369405,"ProjectedDeviation":0.00450324}}]}}}