{"type":"Topology","arcs":[[[2780,1032],[-45,-278],[-42,-240],[-90,16],[-3,11],[-245,40],[-5,-38],[-278,15],[-143,-45],[-150,-2],[-80,-21],[-49,-19],[-68,-33],[-27,-32],[-42,-177],[-14,-41],[-46,-60],[-37,-28],[-35,-16],[-187,-66],[-37,-18],[-23,41],[-17,-22],[-101,1],[-79,59],[-68,62],[35,78],[-187,86],[-159,77],[-72,38],[-143,9],[5,85],[-8,21],[-35,25],[-36,-16],[-66,128],[5,11],[-85,26],[-123,51],[4,42],[15,38],[0,32],[82,-13],[36,-1],[38,8],[111,31],[108,20],[186,43],[38,-4],[89,-22],[214,22],[125,11],[96,16],[238,66],[178,39],[59,8],[124,-3],[105,14],[306,12],[33,10],[41,20],[23,26],[26,12],[49,47],[95,-58],[-4,-20],[120,-58],[143,-26],[25,4],[77,-44]]],"transform":{"scale":[0.00002644237895444582,0.00002207128501192786],"translate":[151.1444505041735,-33.90896499651437]},"objects":{"nswpol-maps-2013-p100-alldistricts":{"type":"GeometryCollection","geometries":[{"arcs":[[0]],"type":"Polygon","properties":{"ID":54,"Name":"Newtown","Electors":49193,"ProjectedPopulation":50938,"Members":1,"ElectorDeviation":-4.70776,"ProjectedDeviation":-3.47098}}]}}}