{"type":"Topology","arcs":[[[707,69],[-18,18],[-83,-19],[-31,16],[-35,-12],[-38,-53],[-36,-19],[-62,13],[-18,38],[-51,-42],[-32,15],[-15,46],[37,34],[-43,42],[-43,64],[-88,18],[-7,33],[25,70],[-47,42],[-45,11],[-40,76],[-37,28],[25,66],[-12,65],[12,24],[50,23],[41,-14],[13,29],[-37,66],[-15,47],[6,85],[-9,14],[32,14],[54,-20],[90,22],[36,-24],[144,-20],[-7,-45],[42,6],[147,-23],[-17,-99],[-26,-4],[-11,-69],[-17,-32],[49,-9],[32,18],[88,-10],[28,9],[13,-39],[-3,-52],[27,-85],[-4,-47],[-8,-135],[38,-63],[-35,-69],[-58,-35],[-1,-13]]],"transform":{"scale":[0.0000983853171876345,0.0000820086949994238],"translate":[150.9662234752138,-33.983618695915276]},"objects":{"nswpol-maps-2013-p100-alldistricts":{"type":"GeometryCollection","geometries":[{"arcs":[[0]],"type":"Polygon","properties":{"ID":79,"Name":"East Hills","Electors":52067,"ProjectedPopulation":53168,"Members":1,"ElectorDeviation":0.859494,"ProjectedDeviation":0.754935}}]}}}