{"type":"Topology","arcs":[[[236,86],[-71,-66],[-54,-20],[-81,22],[-30,64],[7,72],[23,-7],[30,-38],[67,-31],[44,20],[65,-16]]],"transform":{"scale":[0.00040582482431189467,0.00033625600674054795],"translate":[151.08275976223103,-33.87429398904592]},"objects":{"nswpol-maps-2013-p100-alldistricts":{"type":"GeometryCollection","geometries":[{"arcs":[[0]],"type":"Polygon","properties":{"ID":89,"Name":"Drummoyne","Electors":49228,"ProjectedPopulation":51600,"Members":1,"ElectorDeviation":-4.63996,"ProjectedDeviation":-2.21647}}]}}}