{"type":"Topology","arcs":[[[1751,762],[-46,-21],[-27,-40],[-120,68],[-130,-5],[-73,-48],[7,-38],[34,-7],[-1,-105],[-12,-100],[9,-48],[54,-53],[-48,-40],[6,-38],[53,-52],[-104,17],[-29,19],[-154,-19],[-15,-47],[-43,41],[-108,1],[-16,75],[-5,101],[31,30],[-11,74],[-59,66],[-80,-7],[-55,-55],[-2,-24],[-63,-32],[-17,-55],[-5,-90],[13,-58],[-49,-132],[-26,-32],[15,-73],[-22,-35],[-71,40],[-49,0],[-11,22],[-72,55],[-100,13],[-72,-24],[-36,-40],[-37,9],[-40,19],[6,34],[-42,11],[-31,73],[-58,74],[-1,31],[35,8],[44,39],[-10,41],[-60,38],[30,85],[48,32],[-19,84],[-34,20],[-60,85],[-9,49],[15,46],[-19,58],[10,43],[67,47],[10,34],[82,-63],[70,-91],[83,-8],[105,24],[65,61],[51,9],[21,42],[60,35],[54,-21],[66,67],[78,14],[44,93],[29,27],[76,36],[50,-1],[42,40],[72,-11],[14,45],[92,43],[43,12],[20,-73],[-12,-28],[42,-33],[-8,70],[34,33],[79,41],[50,58],[30,1],[32,43],[62,9],[-62,46],[-13,33],[-59,17],[4,83],[4,17],[108,7],[35,24],[66,6],[134,-56],[54,-62],[69,-24],[34,-37],[-15,-60],[53,-55],[-15,-107],[11,-53],[-34,-132],[-25,-24],[-7,-69],[-21,-44],[-40,-4],[-39,-26],[-72,-101],[-32,-117]]],"transform":{"scale":[0.0004072828484221263,0.00033834095979079314],"translate":[150.03621804808907,-35.11460178176354]},"objects":{"nswpol-maps-2013-p100-alldistricts":{"type":"GeometryCollection","geometries":[{"arcs":[[0]],"type":"Polygon","properties":{"ID":20,"Name":"Kiama","Electors":50911,"ProjectedPopulation":52201,"Members":1,"ElectorDeviation":-1.37981,"ProjectedDeviation":-1.07756}}]}}}