{"type":"Topology","arcs":[[[2719,0],[-242,37],[-5,-31],[-191,31],[-53,-5],[-4,28],[-30,-1],[-25,60],[17,40],[-27,5],[-24,47],[1,29],[43,46],[65,21],[3,38],[-12,28],[-69,65],[-48,12],[-46,-10],[-63,-3],[-60,28],[-51,45],[-47,9],[-51,29],[-29,7],[-19,37],[-97,33],[-14,-20],[-35,-15],[-17,-29],[-66,-17],[-43,5],[-1,39],[-81,13],[8,48],[-39,6],[-29,48],[-66,11],[-6,-35],[-49,8],[-36,-43],[-45,0],[-21,-33],[-47,-30],[-145,-80],[-25,-22],[-68,-80],[-20,-12],[-116,-36],[-39,-2],[-59,20],[23,148],[-28,36],[-12,38],[-19,21],[-31,-3],[-128,15],[-31,-6],[-43,10],[-39,29],[2,31],[-27,35],[-6,24],[21,19],[-46,16],[-43,53],[-33,20],[-33,47],[4,21],[45,48],[37,62],[-2,26],[33,41],[-15,18],[-44,13],[-8,36],[-21,30],[-2,24],[23,13],[-12,38],[21,55],[-34,38],[-4,37],[-81,65],[-34,50],[14,39],[-11,55],[-19,28],[-2,40],[-11,33],[43,52],[26,12],[18,51],[-14,47],[11,53],[7,79],[32,43],[27,18],[72,107],[10,42],[4,67],[32,31],[73,6],[48,11],[52,41],[98,56],[80,-7],[67,21],[72,33],[101,77],[84,70],[123,50],[45,73],[-21,123],[45,87],[75,36],[113,-6],[86,4],[122,53],[137,116],[54,133],[24,170],[30,-27],[127,-41],[91,-21],[89,3],[59,17],[64,32],[41,36],[82,103],[112,154],[232,9],[143,-7],[403,-53],[191,-70],[57,-30],[-60,-254],[-79,-2],[-29,-7],[-34,-54],[-30,-75],[-24,-148],[1,-57],[11,-44],[21,-24],[44,22],[35,-65],[20,-8],[28,-34],[42,-10],[15,-29],[-1,-29],[-25,-29],[-45,-6],[-20,-91],[4,-24],[24,-24],[7,-53],[106,-22],[18,-36],[0,-50],[11,-24],[45,-49],[-6,-31],[-44,-13],[-14,-99],[18,-61],[-23,-25],[-75,4],[-12,8],[-35,-34],[-22,-45],[27,-64],[6,-54],[15,-34],[-11,-22],[-49,17],[-29,-4],[-43,-65],[10,-58],[-55,-26],[-31,-71],[-5,-70],[22,-66],[27,-29],[4,-47],[-44,-53],[-44,-5],[-47,-66],[-17,-52],[0,-26],[42,-80],[-11,-24],[-70,-5],[-9,-37],[10,-18],[-37,-21],[-26,-32],[-46,-88],[-16,-48],[-21,-111],[9,-26],[26,-6],[30,-51],[36,-39],[-57,-29],[-28,-66],[12,-78],[-44,5],[-16,-14],[-56,-97],[-39,-100],[-28,-83],[-10,-45],[-10,-102],[3,-54]]],"transform":{"scale":[0.00005163101607497912,0.00004307755148692615],"translate":[151.1594659660978,-33.72493462922871]},"objects":{"nswpol-maps-2013-p100-alldistricts":{"type":"GeometryCollection","geometries":[{"arcs":[[0]],"type":"Polygon","properties":{"ID":61,"Name":"Pittwater","Electors":51583,"ProjectedPopulation":52503,"Members":1,"ElectorDeviation":-0.0780676,"ProjectedDeviation":-0.50526}}]}}}