{"type":"Topology","arcs":[[[215,24],[-8,-24],[-47,23],[-66,-1],[-94,12],[3,40],[23,29],[-8,47],[95,9],[102,-135]]],"transform":{"scale":[0.000405786614649562,0.0003381913853194649],"translate":[151.0346785571352,-34.00309022920351]},"objects":{"nswpol-maps-2013-p100-alldistricts":{"type":"GeometryCollection","geometries":[{"arcs":[[0]],"type":"Polygon","properties":{"ID":80,"Name":"Oatley","Electors":52636,"ProjectedPopulation":53709,"Members":1,"ElectorDeviation":1.96171,"ProjectedDeviation":1.78015}}]}}}