{"type":"Topology","arcs":[[[2217,2997],[-227,-128],[-18,-38],[18,-28],[-1,-63],[-7,-27],[13,-37],[20,-25],[-4,-17],[47,-52],[3,-26],[18,-11],[3,-19],[19,-15],[14,-34],[-5,-42],[-19,-34],[24,-45],[25,-15],[4,-35],[31,-46],[2,-21],[15,-31],[-1,-45],[12,-39],[-2,-26],[15,-13],[-10,-32],[-21,-32],[-18,-11],[-11,-31],[12,-49],[-6,-25],[4,-40],[-23,-41],[12,-29],[-4,-28],[7,-23],[-19,-20],[-25,-40],[2,-17],[-20,-62],[-23,-28],[-41,-17],[-5,-43],[21,-25],[3,-23],[21,-37],[-12,-76],[2,-42],[17,-41],[-16,-34],[2,-73],[-4,-40],[28,-56],[4,-48],[-19,-56],[-2,-35],[-49,-64],[-1,-27],[10,-26],[1,-63],[22,-36],[7,-65],[23,-29],[12,-51],[16,-18],[0,-33],[26,-56],[-5,-30],[11,-50],[-7,-53],[-13,-55],[13,-33],[-16,-57],[-31,-46],[-29,-24],[-22,2],[-19,24],[-2,35],[-16,61],[-28,7],[-62,0],[-48,-11],[-46,-17],[-83,-61],[-38,-50],[-5,-18],[18,-46],[11,-11],[-1,-30],[-58,47],[-13,-16],[-24,-2],[-56,25],[-377,69],[-197,31],[-16,6],[-71,73],[4,14],[-35,15],[-3,12],[-71,-19],[-81,0],[-180,44],[-56,2],[-46,-11],[-5,-9],[-14,4],[0,5],[-75,338],[-34,115],[1,35],[-90,21],[-57,58],[-16,8],[-60,16],[-91,19],[14,16],[37,84],[58,48],[27,63],[6,59],[-11,87],[-11,36],[6,29],[117,140],[56,72],[123,124],[65,40],[63,73],[12,25],[97,-13],[98,23],[34,48],[21,58],[105,102],[106,149],[122,119],[146,168],[78,134],[140,168],[136,195],[53,192],[12,65],[254,105],[253,-312]]],"transform":{"scale":[0.00002644252884618939,0.000022075526662878376],"translate":[151.2292573374784,-33.89618436535844]},"objects":{"nswpol-maps-2013-p100-alldistricts":{"type":"GeometryCollection","geometries":[{"arcs":[[0]],"type":"Polygon","properties":{"ID":86,"Name":"Vaucluse","Electors":52366,"ProjectedPopulation":53378,"Members":1,"ElectorDeviation":1.43869,"ProjectedDeviation":1.15289}}]}}}