{"type":"Topology","arcs":[[[1126,794],[-39,-50],[-33,-21],[-62,-64],[-89,-108],[8,-78],[-17,-63],[-30,-24],[-26,-51],[85,-22],[30,-30],[47,-11],[54,-253],[-61,-19],[-68,25],[-67,-4],[-43,16],[-57,34],[-139,35],[-40,21],[-85,12],[-62,30],[-46,40],[-71,-54],[-103,211],[-114,28],[-57,48],[-30,40],[-11,37],[9,28],[60,83],[52,47],[58,19],[48,-4],[14,47],[-28,101],[-56,18],[36,93],[587,-108],[36,34],[73,6],[115,-6],[81,-28],[41,-55]]],"transform":{"scale":[0.000051627726139345036,0.00004306226688907266],"translate":[151.18598810131493,-33.890716059937915]},"objects":{"nswpol-maps-2013-p100-alldistricts":{"type":"GeometryCollection","geometries":[{"arcs":[[0]],"type":"Polygon","properties":{"ID":91,"Name":"Sydney","Electors":48837,"ProjectedPopulation":50953,"Members":1,"ElectorDeviation":-5.39737,"ProjectedDeviation":-3.44256}}]}}}