{"type":"Topology","arcs":[[[179,0],[-51,11],[-35,15],[-28,43],[-45,-32],[-17,17],[3,36],[27,33],[3,41],[-36,47],[84,-43],[39,-53],[91,11],[7,-33],[-42,-93]]],"transform":{"scale":[0.00040705151007979125,0.000337250818422114],"translate":[150.91796530928167,-33.80957387836672]},"objects":{"nswpol-maps-2013-p100-alldistricts":{"type":"GeometryCollection","geometries":[{"arcs":[[0]],"type":"Polygon","properties":{"ID":72,"Name":"Seven Hills","Electors":52385,"ProjectedPopulation":53177,"Members":1,"ElectorDeviation":1.47549,"ProjectedDeviation":0.77199}}]}}}