{"type":"Topology","arcs":[[[738,786],[-44,-57],[-13,-117],[-25,-42],[-31,-73],[-21,-7],[-14,-49],[64,-92],[-89,-66],[33,-41],[12,-35],[-3,-55],[-12,-53],[-18,-10],[-18,-89],[-170,58],[-52,13],[-100,10],[-101,-3],[-28,110],[-55,63],[-16,87],[-37,47],[152,-31],[28,179],[-62,65],[13,66],[-22,2],[-29,110],[-43,31],[-21,31],[47,75],[275,-43],[76,-9],[61,3],[-4,109],[105,20],[105,-5],[-8,-35],[45,-46],[-16,-33],[58,-43],[-22,-45]]],"transform":{"scale":[0.00009830962878897696,0.00008202245946652424],"translate":[150.79799224447314,-33.79749755059363]},"objects":{"nswpol-maps-2013-p100-alldistricts":{"type":"GeometryCollection","geometries":[{"arcs":[[0]],"type":"Polygon","properties":{"ID":49,"Name":"Mount Druitt","Electors":50116,"ProjectedPopulation":52129,"Members":1,"ElectorDeviation":-2.91981,"ProjectedDeviation":-1.214}}]}}}