{"type":"Topology","arcs":[[[291,197],[-18,-34],[-34,-5],[22,-53],[-47,-54],[-96,-51],[-73,2],[26,131],[-71,21],[3,68],[23,85],[16,-38],[53,-24],[71,-4],[17,-17],[45,32],[29,-43],[34,-16]]],"transform":{"scale":[0.0004064063727475984,0.0003377230401526377],"translate":[150.85165977644792,-33.87268403604394]},"objects":{"nswpol-maps-2013-p100-alldistricts":{"type":"GeometryCollection","geometries":[{"arcs":[[0]],"type":"Polygon","properties":{"ID":52,"Name":"Prospect","Electors":52193,"ProjectedPopulation":53035,"Members":1,"ElectorDeviation":1.10357,"ProjectedDeviation":0.502896}}]}}}