{"type":"Topology","arcs":[[[172,12],[-50,-12],[-43,21],[-38,55],[-41,39],[32,47],[-14,51],[8,3],[35,1],[88,-26],[-13,-42],[44,-6],[7,-54],[8,-48],[-23,-29]]],"transform":{"scale":[0.00040564788418304235,0.0003368288769098207],"translate":[150.96604651437747,-33.9821608401779]},"objects":{"nswpol-maps-2013-p100-alldistricts":{"type":"GeometryCollection","geometries":[{"arcs":[[0]],"type":"Polygon","properties":{"ID":79,"Name":"East Hills","Electors":52067,"ProjectedPopulation":53168,"Members":1,"ElectorDeviation":0.859494,"ProjectedDeviation":0.754935}}]}}}