{"type":"Topology","arcs":[[[585,87],[23,129],[-48,9],[-15,34],[-25,4],[-52,-93],[-38,7],[0,52],[-71,73],[-8,48],[-18,8],[-27,58],[4,24],[-39,16],[-27,-38],[-26,-10],[-80,45],[-132,-5],[45,38],[30,13],[43,48],[-124,26],[39,45],[7,41],[-21,83],[37,53],[36,12],[31,-16],[83,19],[18,-18],[25,-58],[-55,-12],[-9,-37],[28,-59],[175,-17],[25,13],[41,57],[30,7],[58,-38],[16,-44],[40,-30],[82,15],[58,1],[133,-12],[8,-56],[19,-41],[171,3],[155,-97],[17,5],[-15,-54],[43,-59],[35,-73],[-113,-8],[-41,19],[-63,11],[-27,-162],[47,-66],[-221,34],[-307,53]]],"transform":{"scale":[0.00009837909726081153,0.00008200670979741773],"translate":[151.0131762564628,-34.04289811829084]},"objects":{"nswpol-maps-2013-p100-alldistricts":{"type":"GeometryCollection","geometries":[{"arcs":[[0]],"type":"Polygon","properties":{"ID":77,"Name":"Miranda","Electors":53750,"ProjectedPopulation":54000,"Members":1,"ElectorDeviation":4.11965,"ProjectedDeviation":2.3316}}]}}}