{"type":"Topology","arcs":[[[5289,0],[-113,98],[-104,82],[-131,91],[-137,81],[-73,39],[-145,67],[-158,60],[-334,109],[-97,29],[2,11],[-753,122],[-189,29],[-206,6],[-9,-8],[-379,32],[-131,21],[-134,32],[9,45],[-6,38],[22,5],[27,-10],[31,20],[-21,46],[21,22],[-41,44],[-53,21],[-40,43],[-40,-10],[-42,49],[-4,13],[40,83],[29,-3],[-4,40],[-28,55],[-23,27],[-25,-7],[-49,19],[-45,82],[15,72],[19,42],[-3,14],[-44,8],[-108,-8],[-157,19],[-84,0],[-100,-16],[-79,-19],[-203,-38],[-6,-2],[-1,34],[-15,60],[-36,89],[-107,230],[-69,146],[-143,213],[-89,130],[-255,348],[-134,176],[-64,75],[-293,314],[37,-8],[74,12],[107,36],[36,42],[1,26],[-25,58],[-39,6],[-40,-11],[-21,4],[-40,28],[-33,54],[-5,38],[-26,84],[-1,22],[14,64],[72,82],[64,132],[28,39],[42,35],[50,33],[68,15],[65,18],[53,29],[51,41],[27,42],[200,8],[91,-34],[10,-7],[93,54],[73,47],[169,100],[119,67],[161,98],[278,163],[39,-48],[82,-73],[72,-53],[68,-75],[53,-46],[51,-31],[108,-51],[49,-35],[29,-26],[26,-35],[53,-81],[36,-37],[32,-18],[39,-14],[50,-5],[129,8],[67,-1],[51,-13],[88,-33],[151,-45],[45,-16],[43,-23],[104,-76],[71,-61],[36,-38],[91,-143],[22,-31],[76,-58],[30,-26],[89,-45],[45,-26],[69,-65],[22,-34],[57,-136],[71,-128],[50,-83],[119,-168],[110,-149],[57,-89],[98,-144],[16,-35],[49,-150],[38,-87],[28,-75],[15,-19],[-7,-25],[11,-71],[13,-57],[26,-61],[30,-29],[33,-82],[103,-264],[27,-81],[69,-194],[33,-88],[80,-223],[37,-86],[31,-86],[86,-250],[14,-33],[37,-65],[83,-225],[27,-88],[27,-77],[52,-125]]],"transform":{"scale":[0.000026444811388378618,0.000022076656547619043],"translate":[150.81240258541354,-33.75288704741524]},"objects":{"nswpol-maps-2013-p100-alldistricts":{"type":"GeometryCollection","geometries":[{"arcs":[[0]],"type":"Polygon","properties":{"ID":50,"Name":"Riverstone","Electors":46970,"ProjectedPopulation":50730,"Members":1,"ElectorDeviation":-9.01395,"ProjectedDeviation":-3.86515}}]}}}