{"type":"Topology","arcs":[[[137,196],[-12,-97],[6,-87],[-27,-12],[-83,18],[-1,1],[-20,68],[29,30],[16,8],[58,85],[34,-14]]],"transform":{"scale":[0.00040473347826119,0.0003373234861270259],"translate":[151.23243190067444,-33.89618934987271]},"objects":{"nswpol-maps-2013-p100-alldistricts":{"type":"GeometryCollection","geometries":[{"arcs":[[0]],"type":"Polygon","properties":{"ID":86,"Name":"Vaucluse","Electors":52366,"ProjectedPopulation":53378,"Members":1,"ElectorDeviation":1.43869,"ProjectedDeviation":1.15289}}]}}}