{"type":"Topology","arcs":[[[2198,1547],[-12,-24],[-63,-73],[-65,-40],[-123,-124],[-56,-72],[-117,-141],[-6,-29],[11,-36],[11,-86],[-6,-59],[-27,-63],[-58,-48],[-37,-84],[-14,-16],[91,-19],[60,-16],[16,-8],[57,-59],[90,-21],[-1,-35],[34,-115],[75,-337],[0,-5],[-52,-25],[-68,-12],[-33,8],[-100,40],[-57,-11],[-73,4],[-46,13],[-38,17],[-60,38],[-52,29],[-59,21],[-79,19],[-88,7],[-44,20],[-77,44],[-25,-4],[-143,26],[-121,57],[4,20],[-94,58],[-49,-47],[-26,-12],[-23,-26],[-41,-19],[-200,413],[-33,-3],[-32,21],[-31,48],[-10,-36],[-30,-34],[-18,36],[-35,23],[-35,-2],[-60,44],[-51,50],[-57,77],[-11,23],[-11,49],[18,54],[46,71],[30,26],[40,67],[72,67],[32,25],[42,20],[70,16],[92,-7],[27,28],[2,63],[-30,109],[-26,89],[-108,35],[69,180],[1146,-210],[7,17],[64,49],[68,9],[76,2],[120,-3],[101,-8],[54,-15],[106,-39],[28,-28],[26,-47],[26,-34]]],"transform":{"scale":[0.000026442940507754422,0.000022071227222195384],"translate":[151.18599608637766,-33.89069750818977]},"objects":{"nswpol-maps-2013-p100-alldistricts":{"type":"GeometryCollection","geometries":[{"arcs":[[0]],"type":"Polygon","properties":{"ID":91,"Name":"Sydney","Electors":48837,"ProjectedPopulation":50953,"Members":1,"ElectorDeviation":-5.39737,"ProjectedDeviation":-3.44256}}]}}}