{"type":"Topology","arcs":[[[143,99],[-29,-31],[20,-68],[-55,11],[-39,6],[-40,46],[29,23],[-4,33],[118,-20]]],"transform":{"scale":[0.0004067325041941334,0.0003355196172172188],"translate":[151.18590170219463,-33.88974953786482]},"objects":{"nswpol-maps-2013-p100-alldistricts":{"type":"GeometryCollection","geometries":[{"arcs":[[0]],"type":"Polygon","properties":{"ID":91,"Name":"Sydney","Electors":48837,"ProjectedPopulation":50953,"Members":1,"ElectorDeviation":-5.39737,"ProjectedDeviation":-3.44256}}]}}}