{"type":"Topology","arcs":[[[1174,805],[-12,-16],[6,-50],[-62,-49],[-48,-72],[21,-57],[-3,-34],[26,-33],[-10,-85],[13,-25],[-12,-36],[-17,-129],[-33,-44],[-36,4],[-145,-96],[-105,-83],[-132,67],[43,61],[101,31],[44,58],[40,36],[-210,39],[-10,-17],[-77,-64],[-43,7],[-9,23],[-98,65],[-129,23],[-98,-7],[-179,42],[61,246],[122,16],[34,23],[-23,31],[-39,23],[6,22],[49,38],[34,5],[22,-14],[57,8],[69,32],[22,29],[77,38],[5,45],[-45,61],[-43,30],[22,45],[56,45],[16,40],[61,-1],[62,-23],[43,24],[24,-46],[35,0],[90,57],[97,13],[32,65],[51,-54],[136,-28],[146,-25],[-55,-26],[-36,-41],[-74,-3],[-40,-21],[-11,-32],[-1,-85],[18,-3],[-10,-55],[104,-38]]],"transform":{"scale":[0.00009840252754146351,0.00008200605024017163],"translate":[151.62278311342584,-33.028732767539545]},"objects":{"nswpol-maps-2013-p100-alldistricts":{"type":"GeometryCollection","geometries":[{"arcs":[[0]],"type":"Polygon","properties":{"ID":31,"Name":"Charlestown","Electors":53454,"ProjectedPopulation":53201,"Members":1,"ElectorDeviation":3.54626,"ProjectedDeviation":0.817471}}]}}}