{"type":"Topology","arcs":[[[664,212],[-157,-123],[-23,-29],[-20,-60],[-3,8],[-21,35],[-25,-3],[-28,22],[-69,-18],[-41,18],[30,61],[-50,38],[-7,91],[-94,23],[-22,-9],[-61,23],[-59,-30],[-14,26],[23,-2],[11,109],[39,10],[3,55],[52,98],[75,48],[-21,33],[56,16],[39,-3],[67,45],[64,25],[6,-57],[-57,-123],[1,-92],[-5,-30],[54,-24],[38,-65],[38,-3],[113,-54],[-9,-21],[39,-32],[38,-6]]],"transform":{"scale":[0.00009829264184382422,0.00008199527624871042],"translate":[151.10980936641923,-33.926369390744355]},"objects":{"nswpol-maps-2013-p100-alldistricts":{"type":"GeometryCollection","geometries":[{"arcs":[[0]],"type":"Polygon","properties":{"ID":93,"Name":"Summer Hill","Electors":51515,"ProjectedPopulation":52760,"Members":1,"ElectorDeviation":-0.209791,"ProjectedDeviation":-0.0182371}}]}}}