{"type":"Topology","arcs":[[[497,442],[-16,-56],[6,-107],[-26,-65],[-30,-124],[-17,-16],[-19,-74],[-63,5],[-35,19],[-46,14],[-218,38],[11,67],[-40,68],[-4,60],[9,51],[60,8],[20,23],[32,93],[89,27],[14,-47],[29,-38],[79,41],[32,37],[133,-24]]],"transform":{"scale":[0.000407256264360587,0.00033764764861610457],"translate":[150.73843629348036,-34.189522786831624]},"objects":{"nswpol-maps-2013-p100-alldistricts":{"type":"GeometryCollection","geometries":[{"arcs":[[0]],"type":"Polygon","properties":{"ID":44,"Name":"Campbelltown","Electors":50309,"ProjectedPopulation":51797,"Members":1,"ElectorDeviation":-2.54595,"ProjectedDeviation":-1.84315}}]}}}