{"type":"Topology","arcs":[[[1929,2813],[-85,-71],[-137,-132],[-67,-80],[-47,-72],[-49,-107],[-21,-103],[5,-55],[29,-51],[20,11],[31,-50],[-3,-41],[-40,-40],[-6,-37],[-58,-41],[-30,-32],[-24,-67],[-29,-43],[-9,-52],[17,-60],[-10,-23],[2,-71],[-28,-1],[-17,-26],[21,-22],[-19,-29],[18,-29],[-52,-83],[-9,-34],[-31,5],[-33,-43],[-26,-68],[4,-36],[55,-49],[9,-39],[-47,-17],[-2,-35],[38,-57],[-71,-56],[10,-36],[-1,-59],[-61,-5],[-12,-24],[13,-58],[-14,-41],[-66,-61],[-24,10],[-135,-109],[-89,-104],[-63,-55],[-67,-70],[-65,-84],[-43,-77],[-36,-81],[-12,-56],[-3,-67],[-17,4],[0,52],[-35,34],[-7,64],[28,17],[32,60],[-358,-86],[-88,238],[-57,88],[-58,33],[7,17],[62,56],[20,32],[0,44],[40,30],[26,49],[-44,56],[-63,7],[22,65],[11,61],[59,29],[23,-5],[41,22],[-13,79],[34,56],[-6,62],[-34,89],[32,22],[60,183],[396,257],[-52,411],[463,-31],[192,327],[-150,572],[45,183],[180,-43],[98,7],[128,-22],[98,-66],[9,-23],[44,-6],[76,64],[11,17],[210,-39],[-41,-37],[-43,-57],[-101,-32],[-44,-60],[133,-67]]],"transform":{"scale":[0.00009837450709921069,0.00008202261390869998],"translate":[151.50754423330645,-33.25943528667514]},"objects":{"nswpol-maps-2013-p100-alldistricts":{"type":"GeometryCollection","geometries":[{"arcs":[[0]],"type":"Polygon","properties":{"ID":32,"Name":"Swansea","Electors":52510,"ProjectedPopulation":53169,"Members":1,"ElectorDeviation":1.71763,"ProjectedDeviation":0.75683}}]}}}