{"type":"Topology","arcs":[[[181,53],[-2,-1],[-1,-8],[-4,-8],[-2,-3],[-3,-14],[-29,-19],[-33,14],[-37,8],[-26,55],[-32,-6],[-8,39],[-4,27],[59,2],[45,65],[27,20],[39,-6],[-30,-112],[11,-14],[13,-4],[0,1],[17,-36]]],"transform":{"scale":[0.0004070321229818162,0.0003378026388061807],"translate":[151.23088089405846,-33.83018127679194]},"objects":{"nswpol-maps-2013-p100-alldistricts":{"type":"GeometryCollection","geometries":[{"arcs":[[0]],"type":"Polygon","properties":{"ID":69,"Name":"Manly","Electors":50771,"ProjectedPopulation":52651,"Members":1,"ElectorDeviation":-1.651,"ProjectedDeviation":-0.224795}}]}}}