{"type":"Topology","arcs":[[[583,73],[-152,-9],[-155,-34],[-91,-9],[-34,7],[-118,-28],[-32,4],[-1,92],[57,123],[-6,58],[91,84],[67,45],[11,24],[43,44],[39,17],[38,56],[111,9],[17,-50],[51,-14],[-18,-49],[29,-9],[14,-53],[-8,-25],[-55,-8],[-28,-25],[-35,-58],[21,-41],[30,-25],[60,-15],[54,-111]]],"transform":{"scale":[0.0000984149383132703,0.000081934946172989],"translate":[151.14487783374213,-33.89007089512534]},"objects":{"nswpol-maps-2013-p100-alldistricts":{"type":"GeometryCollection","geometries":[{"arcs":[[0]],"type":"Polygon","properties":{"ID":90,"Name":"Balmain","Electors":51539,"ProjectedPopulation":52400,"Members":1,"ElectorDeviation":-0.1633,"ProjectedDeviation":-0.700448}}]}}}