{"type":"Topology","arcs":[[[545,562],[-31,-51],[3,-37],[-17,-14],[-61,-138],[-21,-34],[-2,-71],[-31,-93],[-21,-23],[-60,-8],[-9,-51],[-38,-42],[-61,11],[-7,53],[-85,10],[-29,15],[54,161],[-25,2],[-23,60],[46,45],[-99,55],[1,40],[-29,10],[22,61],[29,15],[25,43],[-35,37],[11,80],[131,-21],[13,57],[51,-15],[120,-19],[9,-63],[-14,-42],[183,-33]]],"transform":{"scale":[0.000406961368967267,0.0003382217342013006],"translate":[150.6182332807408,-34.112245042737065]},"objects":{"nswpol-maps-2013-p100-alldistricts":{"type":"GeometryCollection","geometries":[{"arcs":[[0]],"type":"Polygon","properties":{"ID":45,"Name":"Camden","Electors":46739,"ProjectedPopulation":49966,"Members":1,"ElectorDeviation":-9.46143,"ProjectedDeviation":-5.31295}}]}}}