{"type":"Topology","arcs":[[[3454,744],[-60,58],[-37,44],[-9,33],[-247,85],[-177,-349],[-200,-175],[-279,-143],[-61,16],[-30,-8],[-23,20],[32,74],[-39,96],[-10,85],[-93,137],[-36,18],[-121,21],[-23,-74],[-29,-63],[-86,-112],[-32,-57],[-39,-34],[-70,-46],[-29,-57],[-82,-105],[-63,-31],[-50,-41],[-83,-20],[-81,-33],[-42,-59],[-26,5],[-54,-29],[-30,16],[-98,10],[-52,23],[-45,5],[-26,23],[-5,55],[-38,56],[-49,16],[22,132],[72,-12],[23,144],[-40,8],[17,96],[-34,6],[-5,-34],[-166,28],[13,84],[-177,30],[27,170],[-163,28],[10,65],[-44,26],[-110,18],[28,171],[-67,14],[9,62],[-74,12],[28,173],[-123,19],[-1,180],[27,57],[27,30],[16,91],[-104,18],[-45,30],[-20,34],[-29,12],[-49,130],[2,52],[37,115],[59,85],[-1,50],[-21,43],[-46,46],[-8,55],[19,41],[-9,52],[58,15],[10,28],[-52,77],[-15,93],[22,25],[0,28],[52,26],[56,41],[34,-18],[3,85],[22,37],[115,88],[-13,41],[13,18],[90,10],[33,35],[3,21],[41,37],[37,2],[37,-15],[39,9],[23,27],[-21,50],[36,52],[-13,66],[18,46],[-18,38],[-1,36],[23,20],[27,107],[-5,69],[59,19],[53,3],[39,-20],[74,38],[30,-9],[37,12],[45,41],[17,76],[46,18],[25,-37],[68,-15],[48,-65],[33,-22],[31,-59],[52,-26],[14,-82],[62,-51],[68,-23],[85,-52],[37,-44],[-16,-57],[7,-29],[38,-8],[28,-40],[93,-6],[18,-31],[50,-35],[2,-56],[31,-53],[-20,-52],[18,-29],[-20,-46],[12,-45],[-3,-48],[28,-28],[-7,-130],[43,-40],[6,-71],[45,-39],[7,-82],[46,-79],[-13,-23],[-62,-32],[78,-4],[16,-34],[48,-8],[-6,-33],[-30,5],[-20,-120],[127,-21],[13,-23],[-15,-58],[71,-12],[6,36],[149,-25],[-17,-63],[41,-7],[32,56],[62,25],[-15,-95],[41,-2],[80,-19],[61,37],[33,72],[43,7],[63,45],[72,-4],[26,15],[35,-5],[26,28],[127,-69],[94,-21],[63,-7],[45,-57],[-27,-48],[-40,-30],[0,-44],[-19,-32],[-63,-57],[-7,-16],[59,-33],[56,-88],[88,-239],[359,86],[-33,-59],[-28,-17],[7,-64],[35,-34],[0,-52],[18,-4],[-8,-28],[17,-122],[39,-55],[-4,-22],[96,-17],[18,-20],[-72,-62],[-7,-40],[-52,-18],[-24,-27],[-1,-44],[-51,1],[-77,-38],[-114,-74]]],"transform":{"scale":[0.00009839867194054543,0.00008202972946775555],"translate":[151.19923395809263,-33.36686908914483]},"objects":{"nswpol-maps-2013-p100-alldistricts":{"type":"GeometryCollection","geometries":[{"arcs":[[0]],"type":"Polygon","properties":{"ID":34,"Name":"Wyong","Electors":50066,"ProjectedPopulation":51601,"Members":1,"ElectorDeviation":-3.01666,"ProjectedDeviation":-2.21458}}]}}}