{"type":"Topology","arcs":[[[596,806],[-60,-34],[-3,-42],[35,-64],[-6,-21],[23,-37],[11,-48],[-17,-27],[1,-64],[-34,-61],[11,-23],[-3,-82],[9,-29],[-19,-40],[2,-32],[29,-77],[-5,-76],[-31,14],[-50,-6],[-34,-34],[7,-23],[-39,14],[-160,29],[-27,30],[-42,-5],[-47,12],[-30,-5],[-3,1],[-29,133],[-85,33],[30,40],[4,73],[46,58],[71,70],[53,3],[14,28],[129,145],[21,36],[75,98],[16,69],[69,28],[68,-84]]],"transform":{"scale":[0.00009839307106819247,0.00008202585918982695],"translate":[151.22923698013554,-33.89616124673927]},"objects":{"nswpol-maps-2013-p100-alldistricts":{"type":"GeometryCollection","geometries":[{"arcs":[[0]],"type":"Polygon","properties":{"ID":86,"Name":"Vaucluse","Electors":52366,"ProjectedPopulation":53378,"Members":1,"ElectorDeviation":1.43869,"ProjectedDeviation":1.15289}}]}}}