{"type":"Topology","arcs":[[[1917,637],[12,-37],[65,-109],[31,-19],[45,7],[-1,-27],[-38,-71],[-35,27],[-63,-23],[-28,50],[-3,33],[-45,-10],[-28,22],[-21,-57],[0,-45],[-28,-28],[-29,-7],[-31,-40],[-36,11],[-18,35],[-42,-33],[-40,0],[-61,-29],[-27,22],[-45,-51],[-58,-43],[-22,-58],[-20,-34],[-37,0],[-9,-21],[-58,-67],[-23,1],[-6,-36],[-172,25],[-39,68],[17,12],[-43,63],[-45,85],[-33,38],[-28,18],[-66,16],[0,71],[-15,50],[-64,103],[-19,54],[-4,90],[-106,17],[-62,-50],[-53,-18],[-30,-50],[-26,-18],[-46,-8],[-79,-35],[-42,-61],[-10,-51],[-26,-89],[-78,43],[-77,71],[-27,18],[-37,0],[-8,22],[63,123],[2,121],[-18,15],[-16,90],[7,66],[41,17],[-18,40],[-37,9],[-22,43],[14,29],[122,78],[17,52],[-26,41],[7,28],[44,66],[38,95],[112,266],[32,72],[178,411],[45,83],[75,160],[17,106],[74,-4],[47,9],[23,7],[41,36],[79,13],[37,-3],[22,-17],[44,4],[149,-34],[320,-85],[155,-26],[65,-15],[141,-17],[52,-2],[153,52],[103,56],[83,64],[21,-56],[37,20],[61,-12],[44,4],[-17,-55],[0,-70],[15,-38],[0,-65],[9,-46],[-14,-68],[-13,-100],[-15,-164],[-24,-63],[-14,-69],[-5,-78],[-23,-68],[13,-71],[2,-82],[15,-30],[59,-27],[3,-19],[-31,-34],[-56,-22],[-61,-34],[-54,-46],[-12,-26],[12,-96],[22,-72],[15,-28],[52,-25],[-17,-38],[-117,-53],[-56,-3],[-44,27],[-24,-3],[-12,22],[6,91],[8,36],[-25,45],[5,53],[-3,82],[-16,31],[-43,-8],[-14,-22],[-24,-190],[0,-64],[-11,-56],[2,-72],[-14,-154],[10,-80]]],"transform":{"scale":[0.000051631681662059366,0.000043083224853931346],"translate":[150.78764207818935,-34.059542105644624]},"objects":{"nswpol-maps-2013-p100-alldistricts":{"type":"GeometryCollection","geometries":[{"arcs":[[0]],"type":"Polygon","properties":{"ID":53,"Name":"Macquarie Fields","Electors":51371,"ProjectedPopulation":52573,"Members":1,"ElectorDeviation":-0.488735,"ProjectedDeviation":-0.372608}}]}}}