{"type":"Topology","arcs":[[[1406,1501],[-19,-49],[-28,-17],[-15,-30],[-22,-15],[22,-22],[-6,-29],[-26,-26],[5,-25],[-17,-46],[-2,-74],[-30,-13],[-29,-38],[10,-28],[-19,-28],[-14,-48],[-35,-15],[10,-48],[-39,-13],[-22,-49],[-7,-46],[38,-18],[-1,-41],[31,-40],[28,-1],[-2,-31],[30,-42],[-17,-15],[-154,-111],[40,-40],[24,-39],[22,-67],[4,-42],[-8,-60],[-26,-104],[-39,11],[6,-29],[-27,-173],[-8,3],[-322,111],[-100,26],[-93,14],[-98,4],[-193,-5],[7,62],[-30,3],[-12,72],[7,31],[-32,7],[7,34],[-36,50],[-26,10],[-7,28],[-35,34],[0,32],[-24,29],[20,28],[-20,27],[-6,46],[-69,69],[-2,22],[289,-58],[54,339],[-117,125],[22,67],[1,59],[-41,3],[-41,128],[-3,50],[-11,31],[-83,59],[-39,58],[47,54],[43,89],[522,-80],[1,5],[146,-22],[128,-41],[-13,47],[-8,206],[199,39],[43,0],[81,-10],[78,0],[-16,-66],[23,-41],[37,-6],[27,-42],[-34,-62],[24,-32],[21,5],[68,-56],[0,-33],[-41,-8],[-1,-43]]],"transform":{"scale":[0.00005161246815405066,0.000043085562118615786],"translate":[150.79797337504718,-33.797662333957845]},"objects":{"nswpol-maps-2013-p100-alldistricts":{"type":"GeometryCollection","geometries":[{"arcs":[[0]],"type":"Polygon","properties":{"ID":49,"Name":"Mount Druitt","Electors":50116,"ProjectedPopulation":52129,"Members":1,"ElectorDeviation":-2.91981,"ProjectedDeviation":-1.214}}]}}}