{"type":"Topology","arcs":[[[995,354],[-39,-57],[-38,-17],[-44,-43],[-11,-24],[-67,-46],[-90,-84],[-64,-25],[-68,-45],[-38,3],[-56,-16],[-44,33],[-110,21],[-120,17],[-59,19],[-27,103],[-4,36],[-47,-10],[-18,90],[-1,50],[-29,-8],[6,72],[-27,-1],[1,120],[37,60],[13,46],[96,-29],[30,-43],[26,-58],[37,-10],[31,-46],[49,-4],[28,-23],[67,-23],[27,-36],[64,12],[41,-52],[56,21],[28,22],[100,36],[20,-2],[43,-57],[35,-16],[55,3],[40,17],[71,-6]]],"transform":{"scale":[0.00009839142841852735,0.0000819565834466877],"translate":[151.0804882312409,-33.87423598092913]},"objects":{"nswpol-maps-2013-p100-alldistricts":{"type":"GeometryCollection","geometries":[{"arcs":[[0]],"type":"Polygon","properties":{"ID":89,"Name":"Drummoyne","Electors":49228,"ProjectedPopulation":51600,"Members":1,"ElectorDeviation":-4.63996,"ProjectedDeviation":-2.21647}}]}}}