{"type":"Topology","arcs":[[[205,0],[-24,15],[22,76],[-8,46],[-57,23],[-40,-18],[-40,84],[-58,56],[12,38],[45,54],[47,-11],[-4,-54],[48,-41],[54,84],[44,34],[9,75],[51,-7],[-21,-29],[-12,-59],[12,-26],[-17,-60],[5,-55],[29,-9],[-12,-83],[-35,-29],[-41,-68],[-9,-36]]],"transform":{"scale":[0.00040675908801810965,0.00033805520735507026],"translate":[150.79117051842414,-34.53823860705831]},"objects":{"nswpol-maps-2013-p100-alldistricts":{"type":"GeometryCollection","geometries":[{"arcs":[[0]],"type":"Polygon","properties":{"ID":37,"Name":"Wollongong","Electors":54874,"ProjectedPopulation":55116,"Members":1,"ElectorDeviation":6.29696,"ProjectedDeviation":4.44645}}]}}}