{"type":"Topology","arcs":[[[156,0],[-71,4],[-53,24],[-17,38],[-15,23],[36,84],[117,-16],[36,-47],[-3,-41],[-28,-34],[-2,-35]]],"transform":{"scale":[0.0004062160184746241,0.00033688033914053956],"translate":[150.8559250446419,-33.79122041414427]},"objects":{"nswpol-maps-2013-p100-alldistricts":{"type":"GeometryCollection","geometries":[{"arcs":[[0]],"type":"Polygon","properties":{"ID":51,"Name":"Blacktown","Electors":51350,"ProjectedPopulation":52709,"Members":1,"ElectorDeviation":-0.529414,"ProjectedDeviation":-0.114884}}]}}}