{"type":"Topology","arcs":[[[1522,422],[70,-181],[16,-27],[50,-62],[-82,-27],[-57,-3],[-50,10],[-32,12],[-157,78],[-27,9],[-58,7],[-55,-6],[-161,-51],[-124,-42],[-5,1],[-406,-134],[-27,-6],[-55,0],[-159,19],[18,77],[4,69],[-6,30],[-45,79],[-10,23],[-7,148],[-42,66],[-10,37],[5,39],[19,45],[-3,31],[5,43],[-13,33],[-34,55],[9,28],[-12,27],[62,45],[83,17],[80,-1],[58,165],[11,9],[-111,18],[-10,-27],[-48,-36],[-136,187],[-24,3],[8,49],[35,109],[40,117],[59,200],[18,43],[5,27],[-2,85],[-36,123],[-17,39],[-11,42],[-1,34],[-19,41],[-18,23],[-73,52],[-27,32],[-7,48],[44,290],[29,169],[29,187],[9,0],[373,26],[-11,62],[112,72],[144,-2],[2,-4],[96,0],[10,31],[93,5],[2,12],[79,15],[43,-2],[73,-11],[32,7],[38,35],[11,44],[19,-74],[3,-61],[-50,-203],[-11,-57],[-5,-112],[7,-48],[26,-97],[53,-178],[29,-67],[46,-94],[48,-53],[102,-90],[61,-44],[-28,-22],[64,-131],[113,-237],[16,7],[128,-263],[-14,-7],[42,-87],[42,-80],[-448,-159],[-103,-25],[14,-48],[25,-157],[34,-118],[42,-130],[59,-172]]],"transform":{"scale":[0.000026436604215651818,0.00002207651658432251],"translate":[151.03670649746616,-33.95257339144126]},"objects":{"nswpol-maps-2013-p100-alldistricts":{"type":"GeometryCollection","geometries":[{"arcs":[[0]],"type":"Polygon","properties":{"ID":83,"Name":"Lakemba","Electors":51566,"ProjectedPopulation":52780,"Members":1,"ElectorDeviation":-0.110998,"ProjectedDeviation":0.0196635}}]}}}