{"type":"Topology","arcs":[[[1708,799],[-23,-37],[-110,-50],[-51,-39],[-64,-91],[-11,-77],[12,-34],[34,-21],[-42,-31],[-11,-76],[-21,-50],[-41,-32],[-79,-4],[-27,-77],[-131,24],[-134,-33],[-136,-51],[-180,-86],[-43,40],[-100,24],[-99,-39],[8,-53],[-73,-6],[-41,16],[-23,32],[-79,20],[-31,39],[57,36],[-22,30],[52,37],[64,79],[-41,13],[-31,42],[-70,29],[-31,-42],[-21,5],[-55,108],[-62,25],[-52,88],[16,35],[6,69],[8,43],[54,-9],[28,57],[112,52],[-7,-36],[197,-39],[31,39],[74,-16],[-11,-101],[52,-2],[-6,-38],[70,-13],[18,111],[47,-4],[56,17],[104,-19],[18,31],[41,28],[16,34],[115,-2],[133,-22],[14,89],[44,14],[11,38],[30,26],[126,-19],[92,63],[18,-64],[25,-10],[29,37],[103,-99],[-89,-46],[91,-16],[42,14]]],"transform":{"scale":[0.0004072754492232518,0.0003380409965479092],"translate":[151.59614295212504,-32.853261795196595]},"objects":{"nswpol-maps-2013-p100-alldistricts":{"type":"GeometryCollection","geometries":[{"arcs":[[0]],"type":"Polygon","properties":{"ID":26,"Name":"Port Stephens","Electors":50558,"ProjectedPopulation":52377,"Members":1,"ElectorDeviation":-2.06361,"ProjectedDeviation":-0.744033}}]}}}