{"type":"Topology","arcs":[[[214,29],[-89,1],[-26,11],[-43,-41],[-42,23],[8,24],[-10,40],[43,35],[6,28],[-61,70],[30,18],[74,14],[0,-2],[14,-51],[37,-34],[10,-52],[42,-19],[7,-65]]],"transform":{"scale":[0.00040587089016666864,0.00033732348612703153],"translate":[151.1130043912429,-34.01081800361296]},"objects":{"nswpol-maps-2013-p100-alldistricts":{"type":"GeometryCollection","geometries":[{"arcs":[[0]],"type":"Polygon","properties":{"ID":82,"Name":"Rockdale","Electors":51402,"ProjectedPopulation":52084,"Members":1,"ElectorDeviation":-0.428684,"ProjectedDeviation":-1.29928}}]}}}