{"type":"Topology","arcs":[[[1577,676],[-21,-8],[-103,20],[-35,-52],[-44,1],[-29,-27],[-12,-77],[-18,-39],[-7,-81],[15,-33],[-84,13],[-65,3],[-10,-57],[-140,23],[-6,-37],[-82,13],[-30,-122],[-34,-115],[-21,-40],[-42,-61],[-28,34],[-268,266],[-45,40],[-29,43],[6,24],[-27,7],[-70,126],[-32,25],[-74,37],[-37,0],[-26,17],[-39,9],[-53,-14],[-18,34],[-64,61],[-5,335],[47,14],[70,7],[57,-1],[92,14],[37,67],[24,85],[18,24],[44,35],[22,57],[98,-43],[73,-6],[79,10],[45,-2],[61,-17],[48,-23],[-15,-31],[76,-97],[16,-77],[32,-4],[-44,-196],[54,-19],[40,0],[112,24],[69,-3],[75,3],[68,-23],[71,-57],[116,20],[27,-14],[9,-41],[31,-59],[25,-15]]],"transform":{"scale":[0.00005162763930131299,0.00004307305397972844],"translate":[150.94872806999265,-33.8640863991851]},"objects":{"nswpol-maps-2013-p100-alldistricts":{"type":"GeometryCollection","geometries":[{"arcs":[[0]],"type":"Polygon","properties":{"ID":58,"Name":"Granville","Electors":50784,"ProjectedPopulation":51948,"Members":1,"ElectorDeviation":-1.62582,"ProjectedDeviation":-1.557}}]}}}