{"type":"Topology","arcs":[[[2073,1823],[-4,-28],[-25,-35],[-1,-33],[-22,-25],[14,-54],[-27,-55],[16,-56],[15,-14],[-17,-46],[23,-29],[-12,-59],[-35,-29],[8,-42],[-19,-38],[-69,-40],[-22,-21],[20,-45],[114,-22],[-31,-174],[-56,-56],[-20,-43],[30,-59],[-18,-43],[-46,-7],[-2,-91],[-47,-48],[16,-41],[-8,-68],[-36,-47],[14,-32],[-24,-73],[-72,-63],[-8,-36],[-22,-164],[-2,-52],[-51,-27],[4,-28],[-142,26],[-17,-12],[-43,17],[-56,-9],[-24,53],[-25,18],[-67,-14],[-31,21],[-34,46],[-24,-7],[13,-72],[-60,24],[22,44],[-56,-3],[-12,37],[-38,-10],[-398,66],[-505,89],[27,26],[-23,45],[-1,30],[-25,42],[20,68],[16,8],[29,56],[-10,63],[-51,47],[58,92],[7,41],[-41,51],[-64,5],[-42,-24],[-20,4],[-32,68],[-2,37],[18,143],[11,20],[14,161],[8,30],[250,33],[45,65],[39,30],[18,72],[41,40],[24,46],[-19,39],[33,42],[24,64],[-25,33],[36,49],[78,-58],[41,-23],[18,73],[22,33],[80,32],[15,26],[61,35],[55,-8],[13,-75],[34,-55],[7,-63],[34,-9],[33,-30],[46,-77],[11,-42],[91,-13],[45,53],[25,11],[21,49],[55,49],[14,-12],[52,16],[23,17],[28,-24],[46,40],[11,52],[39,-6],[15,-43],[72,35],[-39,21],[-40,76],[54,-10],[34,-28],[45,-7],[70,29],[12,-23],[335,-58]]],"transform":{"scale":[0.00009839922090121319,0.00008203415384644158],"translate":[150.7368172514765,-34.18963498984242]},"objects":{"nswpol-maps-2013-p100-alldistricts":{"type":"GeometryCollection","geometries":[{"arcs":[[0]],"type":"Polygon","properties":{"ID":44,"Name":"Campbelltown","Electors":50309,"ProjectedPopulation":51797,"Members":1,"ElectorDeviation":-2.54595,"ProjectedDeviation":-1.84315}}]}}}