{"type":"Topology","arcs":[[[1116,166],[43,246],[-91,15],[15,93],[-40,3],[-5,-30],[-47,10],[-34,-73],[-66,-105],[-72,12],[8,77],[-8,22],[-108,103],[-38,12],[11,23],[-12,35],[-4,58],[-34,16],[-16,-19],[-16,79],[8,41],[-28,7],[8,46],[-51,30],[-22,1],[-43,-29],[-10,-43],[-50,-19],[-110,53],[-42,31],[-33,1],[-94,-14],[-60,8],[-67,-39],[4,35],[87,74],[20,-1],[36,25],[67,68],[15,22],[-103,17],[2,13],[-136,22],[9,18],[66,66],[13,79],[-30,66],[-17,67],[6,24],[72,101],[29,23],[38,1],[24,-21],[35,-10],[83,12],[46,23],[30,2],[33,-35],[28,-55],[30,-31],[-8,-24],[-31,-11],[-44,0],[-31,-12],[-22,-39],[4,-32],[37,-53],[17,-59],[28,-11],[71,8],[55,-12],[70,-4],[62,-12],[48,-1],[46,25],[50,59],[31,50],[33,16],[22,-4],[51,-52],[58,-22],[12,-15],[21,-66],[33,-36],[43,-22],[67,3],[89,26],[110,2],[111,-15],[86,1],[58,-10],[17,-29],[-2,-78],[34,-77],[119,0],[209,6],[150,-97],[144,-87],[34,9],[-30,-104],[37,-64],[46,-46],[19,-33],[48,-108],[-215,-15],[-84,14],[3,21],[-117,21],[-48,-296],[-4,-10],[89,-127],[-47,3],[-373,61],[-247,45],[-338,57]]],"transform":{"scale":[0.00005162591631243335,0.0000430764401352117],"translate":[151.0131830265087,-34.04290392791179]},"objects":{"nswpol-maps-2013-p100-alldistricts":{"type":"GeometryCollection","geometries":[{"arcs":[[0]],"type":"Polygon","properties":{"ID":77,"Name":"Miranda","Electors":53750,"ProjectedPopulation":54000,"Members":1,"ElectorDeviation":4.11965,"ProjectedDeviation":2.3316}}]}}}