{"type":"Topology","arcs":[[[2200,334],[84,481],[-176,30],[7,43],[11,18],[-2,48],[13,70],[-50,9],[-28,-2],[-10,-58],[-93,18],[-31,-75],[-35,-66],[-127,-205],[-142,25],[-4,36],[19,112],[-14,44],[-34,38],[-68,52],[-65,62],[-3,14],[-43,33],[-45,18],[-28,5],[22,47],[-23,69],[-9,112],[-20,37],[-31,38],[-29,48],[-12,-8],[25,-61],[2,-22],[28,-26],[-2,-12],[-36,-29],[-28,11],[6,18],[-6,58],[-14,25],[-10,71],[18,59],[-3,21],[-27,13],[-27,2],[-12,45],[26,31],[1,13],[-67,34],[-35,24],[-42,3],[-71,-40],[-13,-16],[-9,-57],[-10,-28],[-56,-17],[-42,-20],[-35,5],[-48,37],[-46,21],[-50,31],[-37,10],[-48,40],[-34,20],[-63,2],[-91,-16],[-45,-1],[-47,-10],[-73,13],[-46,2],[-31,-9],[-37,-37],[-62,-29],[-37,7],[45,60],[67,65],[103,80],[40,-1],[28,13],[41,35],[130,133],[29,43],[-200,32],[4,27],[-264,42],[16,35],[128,129],[-4,36],[5,33],[22,62],[2,24],[-23,49],[-10,36],[-24,42],[-11,35],[-2,33],[-20,63],[11,47],[49,65],[94,133],[56,45],[40,9],[33,-7],[47,-41],[30,-16],[38,-3],[68,12],[93,10],[51,19],[41,26],[59,3],[25,-8],[18,-19],[19,-39],[26,-57],[28,-52],[48,-37],[11,-24],[-3,-26],[-13,-21],[-25,-15],[-35,-6],[-84,0],[-29,-5],[-30,-18],[-28,-39],[-17,-36],[-1,-36],[10,-27],[58,-81],[13,-22],[18,-90],[14,-27],[23,-15],[33,-6],[53,9],[85,7],[109,-24],[136,-9],[73,-10],[46,-12],[93,-2],[42,14],[51,34],[53,57],[45,60],[58,98],[26,17],[39,14],[44,-9],[33,-31],[65,-70],[48,-23],[34,-3],[33,-15],[23,-29],[42,-133],[27,-39],[37,-29],[83,-43],[56,-5],[74,10],[174,50],[215,5],[115,-12],[102,-17],[168,2],[113,-19],[18,-18],[15,-39],[6,-55],[-10,-96],[69,-153],[230,0],[408,12],[294,-188],[280,-170],[65,18],[-27,-76],[-31,-127],[23,-49],[50,-75],[47,-43],[43,-50],[38,-63],[76,-176],[17,-33],[-392,-28],[-29,-1],[-162,27],[6,40],[-231,42],[-25,-174],[-30,-171],[-37,-233],[-9,-20],[101,-141],[73,-107],[11,-11],[-102,17],[-728,119],[-336,61],[-147,26],[-317,52],[-343,59]]],"transform":{"scale":[0.000026443416241610885,0.000022072041615507354],"translate":[151.01260794819527,-34.04313958808074]},"objects":{"nswpol-maps-2013-p100-alldistricts":{"type":"GeometryCollection","geometries":[{"arcs":[[0]],"type":"Polygon","properties":{"ID":77,"Name":"Miranda","Electors":53750,"ProjectedPopulation":54000,"Members":1,"ElectorDeviation":4.11965,"ProjectedDeviation":2.3316}}]}}}