{"type":"Topology","arcs":[[[2704,67],[-51,-25],[-53,-10],[-64,4],[-222,29],[-44,4],[-33,-11],[-81,-58],[-5,5],[-180,32],[18,115],[46,2],[42,259],[74,-12],[19,25],[50,292],[14,76],[-31,-1],[-268,45],[-179,33],[-68,9],[-79,-23],[-40,-4],[-40,3],[28,169],[-139,25],[-25,0],[-96,16],[-3,-15],[-239,41],[-32,9],[-126,94],[-7,-6],[-337,-84],[-15,85],[-18,-24],[-35,-21],[-70,-14],[-5,24],[-57,-4],[0,28],[34,18],[58,89],[13,26],[-6,27],[-22,21],[-77,60],[-49,60],[-55,48],[-32,44],[-8,27],[-12,87],[-147,61],[-16,31],[-3,86],[11,80],[-3,22],[-21,47],[-18,22],[58,47],[45,12],[40,-3],[80,-24],[55,125],[41,86],[70,154],[14,26],[116,203],[88,142],[38,66],[169,267],[63,90],[101,-137],[56,-57],[137,-92],[109,-67],[813,-539],[242,-160],[68,-34],[56,-8],[205,21],[61,3],[-28,-187],[-29,-168],[-44,-291],[7,-48],[27,-32],[72,-52],[18,-23],[19,-40],[1,-34],[11,-42],[17,-39],[36,-124],[2,-85],[-5,-27],[-18,-43],[-59,-199],[-40,-117],[-34,-110],[-8,-49],[24,-3],[135,-186],[48,35],[10,27],[112,-18],[-11,-9],[-59,-164],[-80,1],[-83,-17],[-62,-45]]],"transform":{"scale":[0.00002643891228064212,0.000022076554661471053],"translate":[150.96734068423078,-33.93529750380979]},"objects":{"nswpol-maps-2013-p100-alldistricts":{"type":"GeometryCollection","geometries":[{"arcs":[[0]],"type":"Polygon","properties":{"ID":78,"Name":"Bankstown","Electors":49849,"ProjectedPopulation":51459,"Members":1,"ElectorDeviation":-3.43702,"ProjectedDeviation":-2.48367}}]}}}