{"type":"Topology","arcs":[[[3862,2817],[-70,-35],[-176,-98],[-56,-38],[-47,-20],[-157,-88],[-36,-28],[-75,-44],[-47,-37],[-142,-92],[-20,-8],[-291,-203],[-181,-139],[-140,-123],[-56,-54],[-94,-107],[-60,-87],[-44,-84],[-43,-113],[-13,-56],[-4,-91],[14,-74],[53,-96],[34,-3],[30,10],[84,51],[81,-58],[1,-15],[-72,-35],[9,-59],[-51,-7],[-50,-33],[-31,-31],[-11,-32],[14,-51],[-32,-42],[-2,-37],[-51,-7],[-21,19],[-33,-17],[-45,-35],[-34,-75],[-37,-13],[-36,-45],[-39,-25],[-59,-2],[-28,-10],[-40,-58],[-18,10],[-47,-24],[-166,-130],[-16,-17],[-15,-76],[-56,-46],[-38,-15],[-75,-47],[-23,6],[-95,-76],[-63,-72],[-35,-5],[-56,37],[-60,15],[-46,26],[18,104],[-34,6],[2,162],[-8,7],[30,54],[33,26],[42,13],[58,-7],[83,13],[22,18],[46,60],[52,27],[46,7],[8,15],[-279,47],[-19,10],[-240,43],[-67,60],[-29,44],[-17,31],[16,96],[-13,33],[-58,77],[49,27],[82,1],[54,11],[75,44],[32,164],[28,120],[47,17],[-114,128],[-69,52],[-83,38],[-70,45],[-69,78],[-31,47],[-33,75],[-40,123],[-109,299],[-131,363],[-45,131],[-81,218],[-103,290],[-30,63],[7,17],[61,5],[5,-60],[15,-33],[44,-42],[93,-73],[27,-39],[58,-56],[55,-34],[86,-26],[62,0],[52,14],[90,-16],[73,-32],[124,-32],[81,-30],[65,-50],[35,-41],[15,-54],[60,-105],[38,-22],[34,-1],[53,-27],[104,-43],[98,-31],[130,-14],[135,1],[109,-19],[61,-25],[34,-21],[54,-48],[27,-49],[6,100],[-10,27],[35,90],[-4,26],[-28,71],[2,52],[26,24],[-28,79],[-26,49],[-8,53],[-1,65],[-92,57],[-21,32],[434,67],[404,60],[63,89],[188,-32],[330,-58],[-9,-49],[279,-48],[4,28],[84,-16],[11,-24],[1,-46],[37,-34],[65,-36],[33,-55],[60,-43],[42,-83]]],"transform":{"scale":[0.000051639049455481436,0.000043084892622409984],"translate":[151.67911477820098,-32.962923241825045]},"objects":{"nswpol-maps-2013-p100-alldistricts":{"type":"GeometryCollection","geometries":[{"arcs":[[0]],"type":"Polygon","properties":{"ID":29,"Name":"Newcastle","Electors":52097,"ProjectedPopulation":52677,"Members":1,"ElectorDeviation":0.917607,"ProjectedDeviation":-0.175525}}]}}}