{"type":"Topology","arcs":[[[176,0],[-43,6],[13,42],[-88,25],[-35,-1],[-23,57],[14,2],[43,76],[96,-69],[24,-2],[8,-75],[-9,-61]]],"transform":{"scale":[0.0004066152479768678,0.0003375457018622675],"translate":[150.96720976933946,-33.9338622501188]},"objects":{"nswpol-maps-2013-p100-alldistricts":{"type":"GeometryCollection","geometries":[{"arcs":[[0]],"type":"Polygon","properties":{"ID":78,"Name":"Bankstown","Electors":49849,"ProjectedPopulation":51459,"Members":1,"ElectorDeviation":-3.43702,"ProjectedDeviation":-2.48367}}]}}}