{"type":"Topology","arcs":[[[3373,1316],[-24,-7],[-44,-32],[-50,-13],[-49,16],[-28,-8],[-74,-75],[-54,-36],[-24,-36],[1,-65],[-30,-73],[-32,-37],[-54,-31],[-6,-43],[13,-60],[-3,-27],[-21,-37],[-6,-29],[23,-46],[-12,-62],[18,-33],[-4,-24],[-16,-13],[-60,-76],[-35,-19],[-57,-13],[-25,-16],[-30,-57],[-51,-23],[-7,57],[-108,-1],[24,162],[-409,-105],[82,-345],[-83,-17],[-288,-92],[-16,8],[-36,-6],[-32,15],[-59,112],[-44,51],[-56,44],[-19,22],[-20,69],[-25,38],[-149,109],[-51,45],[-4,28],[-35,142],[-10,239],[-29,44],[-59,42],[-18,26],[-31,75],[-7,52],[14,70],[7,62],[35,87],[9,73],[-9,72],[-15,61],[-25,81],[0,26],[14,47],[37,68],[9,81],[28,72],[-22,12],[-14,27],[-28,87],[-20,37],[-31,35],[-35,21],[-118,43],[-87,65],[-22,9],[-101,25],[-29,17],[-38,42],[-44,17],[-65,1],[-50,51],[-33,50],[-71,79],[-53,53],[-78,34],[-60,-4],[-125,38],[-109,23],[-21,11],[22,51],[30,88],[8,48],[5,151],[-15,94],[4,38],[30,122],[-3,35],[38,44],[159,238],[17,11],[10,-21],[100,7],[77,-10],[48,0],[65,12],[40,-20],[40,8],[36,51],[41,3],[46,-28],[27,4],[11,23],[7,54],[16,8],[28,-11],[38,0],[33,31],[31,-10],[54,3],[34,7],[26,-23],[15,5],[21,48],[33,38],[17,6],[103,1],[35,13],[14,14],[27,61],[15,1],[59,-70],[47,-25],[54,19],[29,30],[16,52],[49,-9],[28,9],[29,22],[56,-11],[69,-1],[42,-13],[25,-1],[-6,-27],[11,-61],[4,-48],[-11,-67],[9,-38],[-70,-24],[-36,-37],[-15,-28],[-40,-32],[-10,-25],[19,-37],[-13,-17],[-44,-14],[-16,-12],[-8,-37],[-23,-18],[-42,-62],[-30,-22],[-8,-57],[-19,-27],[-35,-13],[-15,-14],[-4,-24],[35,-90],[-19,-37],[-2,-60],[21,-48],[61,-77],[24,-37],[8,-31],[-6,-34],[-22,-69],[-104,-80],[44,-31],[465,-337],[-17,-85],[-11,-5],[13,-33],[89,-95],[156,-46],[228,-178],[130,22],[153,-109],[23,26],[23,9],[101,1],[51,-14],[68,2],[33,13],[30,4],[44,-14],[35,-22],[14,-22],[-1,-33],[20,-42],[16,0],[16,20],[21,4],[24,-26],[46,-80],[44,-27],[9,-18],[0,-56],[12,-60],[-1,-57],[15,-16]]],"transform":{"scale":[0.000026441858202726792,0.000022074611453754466],"translate":[151.01683113317156,-33.79089840731867]},"objects":{"nswpol-maps-2013-p100-alldistricts":{"type":"GeometryCollection","geometries":[{"arcs":[[0]],"type":"Polygon","properties":{"ID":64,"Name":"Epping","Electors":53460,"ProjectedPopulation":53891,"Members":1,"ElectorDeviation":3.55789,"ProjectedDeviation":2.12504}}]}}}