{"type":"Topology","arcs":[[[810,11],[-32,-11],[-50,23],[-13,39],[-34,19],[9,113],[-9,38],[-78,62],[-54,-4],[-46,-36],[-26,-47],[-72,4],[-15,25],[-43,-32],[-17,16],[-73,-29],[-177,84],[-21,53],[-55,92],[-4,37],[51,33],[18,54],[4,88],[38,58],[38,14],[8,78],[-11,34],[23,63],[-20,46],[37,67],[35,0],[48,24],[-1,30],[66,-1],[93,72],[50,54],[-5,29],[67,23],[-27,92],[55,-12],[13,29],[-21,64],[-72,20],[-14,48],[-70,14],[-6,78],[-26,16],[1,44],[-24,26],[38,-9],[36,40],[72,24],[100,-13],[71,-55],[12,-22],[48,0],[72,-40],[22,35],[-16,72],[27,33],[49,132],[-14,58],[6,90],[16,55],[64,32],[2,24],[55,55],[80,7],[58,-66],[12,-74],[-32,-30],[6,-101],[16,-75],[108,-2],[42,-40],[16,47],[154,19],[28,-19],[104,-17],[-52,52],[-7,38],[49,40],[-54,53],[-9,48],[11,100],[1,105],[-33,7],[-8,38],[74,48],[130,5],[119,-68],[28,40],[45,21],[6,-100],[35,-57],[8,-50],[29,-18],[-11,-50],[20,-108],[33,-52],[57,-32],[20,29],[49,-22],[-24,-34],[-12,-57],[20,-24],[-30,-74],[-49,-37],[-96,-98],[-8,29],[-167,-32],[-97,15],[-1,-23],[-57,-62],[-23,-10],[-50,18],[-14,-74],[-26,-10],[-10,-47],[-35,-14],[-82,-70],[-22,-45],[14,-53],[-44,-31],[-94,-87],[-19,-80],[9,-88],[27,-57],[-50,-31],[-45,-53],[-24,-45],[-45,-43],[-71,-133],[4,-105],[21,-22],[-10,-61],[-29,-40],[-16,-65],[-41,-17],[-47,-64],[-2,-23],[-49,-32],[4,-75],[-40,-4]]],"transform":{"scale":[0.000407320429060111,0.0003382555365440204],"translate":[149.9776675483353,-35.644598310012036]},"objects":{"nswpol-maps-2013-p100-alldistricts":{"type":"GeometryCollection","geometries":[{"arcs":[[0]],"type":"Polygon","properties":{"ID":19,"Name":"South Coast","Electors":49192,"ProjectedPopulation":51301,"Members":1,"ElectorDeviation":-4.7097,"ProjectedDeviation":-2.78309}}]}}}