{"type":"Topology","arcs":[[[922,307],[-39,-103],[9,-43],[-21,-115],[-78,-46],[-61,18],[-168,29],[-24,31],[8,38],[-43,-1],[-24,107],[-78,57],[-71,-40],[-11,16],[30,43],[-26,18],[-53,-26],[-57,19],[-207,37],[-8,40],[72,11],[15,-19],[46,3],[-14,98],[53,8],[42,-5],[64,31],[245,90],[4,-10],[201,-114],[33,6],[49,-38],[78,20],[15,-61],[-14,-45],[9,-47],[24,-7]]],"transform":{"scale":[0.00009836328958067695,0.0000820126950333284],"translate":[151.1451700709698,-33.83152231494345]},"objects":{"nswpol-maps-2013-p100-alldistricts":{"type":"GeometryCollection","geometries":[{"arcs":[[0]],"type":"Polygon","properties":{"ID":71,"Name":"Willoughby","Electors":51443,"ProjectedPopulation":52431,"Members":1,"ElectorDeviation":-0.349263,"ProjectedDeviation":-0.641702}}]}}}