{"type":"Topology","arcs":[[[804,661],[-63,9],[-42,-16],[-73,10],[-71,-123],[-26,-13],[-81,-6],[-50,-21],[-36,-67],[-29,-11],[18,-49],[45,-64],[-23,-46],[40,-183],[10,-81],[-172,76],[-45,219],[-104,100],[-50,34],[14,80],[-8,52],[-41,18],[4,29],[-21,36],[20,60],[24,29],[156,123],[59,22],[32,28],[23,68],[52,19],[156,19],[91,-18],[23,140],[73,-18],[52,-27],[71,-10],[32,9],[3,-1],[2,-55],[16,-39],[-9,-61],[-62,-27],[-32,0],[36,-75],[-11,-63],[18,-3],[-21,-103]]],"transform":{"scale":[0.00009840304390040549,0.00008199238798292657],"translate":[151.155398373939,-33.979152438065064]},"objects":{"nswpol-maps-2013-p100-alldistricts":{"type":"GeometryCollection","geometries":[{"arcs":[[0]],"type":"Polygon","properties":{"ID":92,"Name":"Heffron","Electors":49601,"ProjectedPopulation":51537,"Members":1,"ElectorDeviation":-3.91742,"ProjectedDeviation":-2.33586}}]}}}