{"type":"Topology","arcs":[[[1727,674],[-61,-27],[-39,4],[-78,-75],[1,-32],[-16,-38],[-43,-35],[3,-54],[-15,-47],[11,-24],[3,-48],[-40,-58],[-60,-24],[-15,-30],[-30,18],[-56,-1],[13,84],[-210,-54],[43,-177],[-43,-9],[-148,-47],[-42,9],[-31,57],[-61,59],[-23,56],[-103,79],[-19,86],[-6,124],[-45,44],[-25,51],[-3,26],[11,68],[17,45],[0,75],[-20,72],[7,37],[19,35],[19,79],[-19,19],[-14,45],[-26,37],[-78,33],[-44,33],[-64,18],[-34,30],[-55,10],[-107,119],[-40,17],[-31,-2],[-130,37],[27,71],[7,102],[-8,49],[17,81],[-1,18],[19,23],[81,122],[105,-7],[58,6],[40,-6],[19,27],[58,-11],[10,40],[42,-2],[77,15],[21,-9],[37,47],[52,1],[25,14],[22,31],[31,-36],[23,-13],[28,10],[23,42],[25,-5],[29,17],[99,-13],[4,-123],[-36,-13],[-47,-50],[-2,-41],[-31,-13],[-4,-19],[-49,-53],[-4,-28],[-38,-40],[18,-47],[-10,-50],[58,-98],[-14,-53],[-54,-41],[262,-189],[-8,-63],[46,-48],[79,-24],[117,-91],[67,11],[78,-56],[23,18],[78,-7],[67,10],[48,-29],[10,-39],[27,12],[35,-54],[23,-13],[18,-107]]],"transform":{"scale":[0.000051637585230602464,0.00004307248760163155],"translate":[151.01683239007542,-33.79088699354086]},"objects":{"nswpol-maps-2013-p100-alldistricts":{"type":"GeometryCollection","geometries":[{"arcs":[[0]],"type":"Polygon","properties":{"ID":64,"Name":"Epping","Electors":53460,"ProjectedPopulation":53891,"Members":1,"ElectorDeviation":3.55789,"ProjectedDeviation":2.12504}}]}}}