{"type":"Topology","arcs":[[[508,339],[-78,-83],[-6,-61],[-52,-87],[3,-45],[-63,-12],[-23,45],[-88,13],[-89,-109],[-23,6],[-59,17],[10,23],[-26,41],[8,29],[-22,47],[77,45],[54,59],[41,74],[38,-10],[54,-101],[68,34],[47,43],[43,84],[60,-20],[26,-32]]],"transform":{"scale":[0.00040683392043543626,0.00033763720245916316],"translate":[151.33247182740607,-33.419965251890005]},"objects":{"nswpol-maps-2013-p100-alldistricts":{"type":"GeometryCollection","geometries":[{"arcs":[[0]],"type":"Polygon","properties":{"ID":35,"Name":"The Entrance","Electors":52429,"ProjectedPopulation":53289,"Members":1,"ElectorDeviation":1.56073,"ProjectedDeviation":0.984234}}]}}}