{"type":"Topology","arcs":[[[111,0],[-102,136],[-9,18],[89,19],[61,-70],[-6,-27],[-43,-36],[10,-40]]],"transform":{"scale":[0.000405846731185117,0.00033688033914053956],"translate":[151.07694348742103,-33.99504046419366]},"objects":{"nswpol-maps-2013-p100-alldistricts":{"type":"GeometryCollection","geometries":[{"arcs":[[0]],"type":"Polygon","properties":{"ID":81,"Name":"Kogarah","Electors":52650,"ProjectedPopulation":53315,"Members":1,"ElectorDeviation":1.98883,"ProjectedDeviation":1.0335}}]}}}