{"type":"Topology","arcs":[[[202,282],[-31,-57],[-16,-68],[-1,-60],[43,-58],[-52,-39],[-22,24],[-48,42],[-24,-2],[-15,26],[-23,25],[-13,61],[27,8],[6,47],[45,-8],[17,57],[26,12],[65,75],[27,-53],[-11,-32]]],"transform":{"scale":[0.0004059559570031847,0.00033778305490921533],"translate":[151.085474023809,-33.78349263973481]},"objects":{"nswpol-maps-2013-p100-alldistricts":{"type":"GeometryCollection","geometries":[{"arcs":[[0]],"type":"Polygon","properties":{"ID":62,"Name":"Ku-ring-gai","Electors":51181,"ProjectedPopulation":52562,"Members":1,"ElectorDeviation":-0.856786,"ProjectedDeviation":-0.393453}}]}}}