{"type":"Topology","arcs":[[[1021,100],[-35,24],[-77,-4],[-45,-23],[-42,8],[-55,-20],[-47,33],[-45,3],[-50,31],[-8,20],[-59,-20],[-48,-33],[-88,-93],[-32,-26],[-31,22],[-76,74],[-38,81],[-41,142],[-1,81],[31,135],[-11,69],[-35,133],[-39,91],[-74,119],[-75,37],[52,22],[46,2],[-28,42],[-2,35],[14,28],[51,74],[107,-52],[24,34],[40,26],[98,48],[43,43],[26,43],[22,106],[53,15],[6,-95],[15,-94],[18,-77],[89,19],[16,-65],[-10,-4],[51,-195],[113,-36],[62,-6],[91,-18],[76,-9],[82,-22],[128,-18],[25,-14],[59,-49],[41,-63],[-123,-72],[-20,-21],[-60,-107],[-40,-78],[-5,-103],[-77,-19],[-20,-208],[-42,4]]],"transform":{"scale":[0.000051618518759142454,0.000043059343723816],"translate":[151.05712958776965,-33.907268473868015]},"objects":{"nswpol-maps-2013-p100-alldistricts":{"type":"GeometryCollection","geometries":[{"arcs":[[0]],"type":"Polygon","properties":{"ID":85,"Name":"Strathfield","Electors":50885,"ProjectedPopulation":52496,"Members":1,"ElectorDeviation":-1.43017,"ProjectedDeviation":-0.518525}}]}}}