{"type":"Topology","arcs":[[[2970,0],[-78,2],[-87,13],[-67,16],[-290,79],[-194,43],[-82,13],[-201,21],[-177,6],[-107,-3],[-154,-11],[-402,-58],[-109,-4],[-131,14],[103,93],[39,55],[13,78],[15,3],[38,43],[86,-19],[236,-42],[15,37],[5,73],[23,32],[29,187],[13,107],[-288,51],[-106,157],[-14,39],[7,53],[16,52],[144,-28],[44,234],[-141,23],[57,158],[36,106],[48,48],[14,42],[-7,30],[-46,46],[-22,40],[-2,68],[48,155],[48,105],[13,81],[-1,108],[-63,-17],[-359,-183],[-65,7],[-38,-24],[-66,6],[-102,99],[-68,14],[-81,76],[-30,0],[-65,58],[-27,14],[-94,18],[-9,-59],[-21,15],[-46,7],[-62,22],[-31,-6],[-102,15],[-4,43],[-21,196],[20,91],[35,78],[20,5],[76,43],[28,29],[15,76],[-12,124],[7,32],[-5,42],[12,86],[83,226],[44,95],[50,146],[42,78],[42,55],[72,71],[50,-12],[71,20],[56,37],[49,68],[2,14],[40,54],[9,37],[36,5],[136,-24],[224,-88],[28,-17],[335,-127],[241,-94],[113,-42],[323,-123],[7,-9],[157,-58],[32,-46],[78,-92],[43,-68],[32,-66],[91,-255],[128,-174],[105,-138],[77,-93],[150,-160],[101,-129],[130,-178],[120,-176],[89,-193],[19,-46],[8,-48],[8,-206],[13,-47],[-128,41],[-146,22],[-1,-5],[-522,80],[-43,-89],[-47,-54],[39,-58],[84,-59],[11,-31],[3,-50],[40,-128],[41,-3],[-1,-59],[-22,-68],[117,-124],[-54,-339],[-289,58],[2,-23],[69,-68],[6,-46],[20,-27],[-20,-28],[24,-30],[0,-32],[36,-33],[7,-28],[26,-10],[35,-50],[-7,-34],[32,-7],[-7,-32],[12,-71],[30,-3],[-7,-62]]],"transform":{"scale":[0.00005164020070519993,0.00004307837017632058],"translate":[150.65790977336755,-33.791058521146354]},"objects":{"nswpol-maps-2013-p100-alldistricts":{"type":"GeometryCollection","geometries":[{"arcs":[[0]],"type":"Polygon","properties":{"ID":48,"Name":"Londonderry","Electors":49999,"ProjectedPopulation":52108,"Members":1,"ElectorDeviation":-3.14645,"ProjectedDeviation":-1.2538}}]}}}