{"type":"Topology","arcs":[[[1424,418],[-17,-8],[-4,-70],[-9,-40],[-23,-19],[-15,-20],[17,-58],[1,-32],[-17,-23],[-27,-2],[-11,-23],[-218,-123],[-130,160],[-130,-53],[6,56],[-78,57],[-82,4],[-135,-52],[-36,57],[-36,114],[-45,51],[-47,67],[-25,66],[-20,77],[-39,29],[-32,-6],[-54,-75],[-70,-5],[-53,3],[-46,12],[-16,46],[-1,45],[26,85],[-8,49],[-21,69],[27,44],[10,44],[-18,58],[-48,69],[24,140],[133,-24],[78,-58],[154,-29],[77,-11],[53,26],[39,61],[30,35],[54,-20],[55,31],[-20,90],[-3,61],[10,27],[32,35],[66,105],[6,39],[26,21],[62,-3],[20,6],[65,54],[70,99],[290,-48],[10,-3],[18,-58],[22,-23],[1,-52],[12,-84],[-6,-54],[-39,33],[-44,-26],[-24,-24],[-59,-83],[-13,-25],[15,-18],[5,-92],[39,-69],[-30,-14],[-38,30],[-25,-11],[-27,-33],[30,-64],[-3,-21],[-47,-17],[-12,-41],[-5,-75],[4,-60],[14,-56],[19,-38],[23,-18],[22,7],[36,-42],[72,5],[1,10],[35,6],[51,-65],[3,-37],[37,-58],[52,1],[13,-20],[-19,-44],[-9,-50],[-31,-7]]],"transform":{"scale":[0.00005164210075106563,0.00004307726311076787],"translate":[151.23101405179983,-33.830038169494685]},"objects":{"nswpol-maps-2013-p100-alldistricts":{"type":"GeometryCollection","geometries":[{"arcs":[[0]],"type":"Polygon","properties":{"ID":69,"Name":"Manly","Electors":50771,"ProjectedPopulation":52651,"Members":1,"ElectorDeviation":-1.651,"ProjectedDeviation":-0.224795}}]}}}