{"type":"Topology","arcs":[[[585,524],[-10,-39],[-58,-21],[-18,-40],[-102,-46],[-22,-39],[-7,-62],[-65,-75],[-27,-12],[-16,-57],[-45,8],[-6,-47],[-27,-7],[13,-61],[23,-26],[-46,7],[-62,53],[6,85],[-85,-19],[-12,-18],[-19,20],[18,47],[28,-6],[-10,96],[-15,38],[35,114],[5,73],[-13,126],[67,36],[23,28],[75,-5],[86,19],[44,-38],[27,25],[36,49],[24,-11],[20,-83],[33,-8],[55,15],[40,-5],[-17,-70],[24,-44]]],"transform":{"scale":[0.0004069735308633943,0.0003383106719208015],"translate":[151.0114134578953,-33.75322552329778]},"objects":{"nswpol-maps-2013-p100-alldistricts":{"type":"GeometryCollection","geometries":[{"arcs":[[0]],"type":"Polygon","properties":{"ID":59,"Name":"Hornsby","Electors":53357,"ProjectedPopulation":53834,"Members":1,"ElectorDeviation":3.35837,"ProjectedDeviation":2.01702}}]}}}