{"type":"Topology","arcs":[[[2781,816],[-16,9],[-17,-25],[-12,-21],[-2,-43],[18,-36],[-12,-35],[6,-19],[-23,-61],[-27,-28],[-20,-9],[-24,-16],[-6,-23],[-2,-39],[12,-38],[23,-36],[2,-62],[-15,-30],[-18,-15],[-38,-12],[-14,8],[-21,-45],[-425,-240],[-252,312],[-255,-104],[9,47],[2,64],[-83,62],[-69,48],[-161,7],[-263,-101],[-71,112],[-17,63],[-21,57],[-33,104],[-87,99],[-91,128],[-48,130],[-39,150],[-78,57],[-62,-10],[-37,-65],[-69,-83],[-136,-10],[-105,7],[-90,24],[-31,88],[-2,88],[52,165],[-17,97],[-40,134],[53,86],[18,85],[-35,116],[-92,132],[46,274],[230,-36],[31,-11],[151,-114],[181,-35],[122,-22],[122,-19],[26,-2],[35,29],[68,22],[78,120],[35,46],[24,23],[31,3],[73,-45],[8,20],[39,9],[60,35],[-37,176],[-7,117],[20,52],[62,70],[64,109],[48,60],[17,34],[11,78],[25,31],[27,9],[120,-6],[39,13],[74,68],[55,38],[136,191],[566,-92],[19,-8],[35,-112],[23,-19],[19,-27],[4,-21],[-3,-80],[11,-21],[5,-49],[-5,-25],[16,-67],[-13,-106],[-33,26],[-5,22],[-40,16],[-84,-49],[-46,-50],[-45,-69],[-71,-92],[-25,-49],[3,-25],[26,-9],[5,-75],[9,-44],[-5,-63],[42,-59],[35,-74],[-14,-35],[-45,8],[-24,38],[-49,19],[-50,-21],[-23,-21],[-30,-43],[-1,-25],[16,-18],[44,-82],[-6,-40],[-12,-10],[-39,-3],[-21,14],[-20,-33],[-24,-81],[-9,-146],[7,-118],[11,-57],[16,-52],[38,-75],[21,-23],[23,-12],[45,14],[40,-61],[31,-21],[86,7],[41,-7],[11,10],[4,18],[-20,16],[1,31],[24,2],[27,-9],[18,-22],[17,-5],[31,-45],[26,-23],[44,-58],[6,-72],[19,-43],[20,-3],[6,-48],[22,-3],[5,-19],[100,4],[19,-12],[7,-27],[-19,-34],[-18,-53],[-3,-66],[-15,-31],[-16,7],[-21,-20],[-23,0]]],"transform":{"scale":[0.00002644047741752928,0.00002207416215108373],"translate":[151.23102579618723,-33.83003358134099]},"objects":{"nswpol-maps-2013-p100-alldistricts":{"type":"GeometryCollection","geometries":[{"arcs":[[0]],"type":"Polygon","properties":{"ID":69,"Name":"Manly","Electors":50771,"ProjectedPopulation":52651,"Members":1,"ElectorDeviation":-1.651,"ProjectedDeviation":-0.224795}}]}}}