{"type":"Topology","arcs":[[[542,0],[-54,55],[16,60],[-35,37],[-68,24],[-55,62],[-134,56],[-65,-5],[-36,-24],[-107,-8],[-4,-17],[3,47],[256,575],[30,-77],[36,-44],[79,-30],[50,-4],[-27,-68],[-44,-54],[-13,-38],[58,-56],[40,-84],[40,18],[57,-23],[8,-46],[-22,-76],[24,-15],[-15,-55],[17,-97],[36,-25],[-14,-25],[-47,4],[-22,-27],[12,-40]]],"transform":{"scale":[0.0004073606283442613,0.00033805277651572215],"translate":[150.64033512501874,-34.627751993967834]},"objects":{"nswpol-maps-2013-p100-alldistricts":{"type":"GeometryCollection","geometries":[{"arcs":[[0]],"type":"Polygon","properties":{"ID":36,"Name":"Shellharbour","Electors":54582,"ProjectedPopulation":55406,"Members":1,"ElectorDeviation":5.73132,"ProjectedDeviation":4.99601}}]}}}