{"type":"Topology","arcs":[[[1782,481],[-27,-25],[-43,38],[-86,-19],[-75,5],[-23,-28],[-68,-36],[14,-126],[-5,-73],[-35,-114],[-32,-16],[-121,8],[-47,44],[-7,58],[-31,-3],[-46,24],[-74,-132],[-38,30],[-112,-63],[-2,-29],[-39,51],[-35,67],[-198,74],[-49,-37],[-51,-132],[-5,-47],[-13,25],[10,45],[-126,-2],[24,143],[-89,3],[-43,11],[0,112],[-29,-4],[-14,47],[-86,-75],[-103,5],[-42,20],[-36,76],[17,35],[11,73],[73,45],[24,34],[-9,50],[6,71],[40,70],[40,34],[20,63],[56,56],[78,51],[11,77],[-77,21],[31,37],[-35,100],[20,44],[-46,9],[-21,40],[2,85],[-16,46],[61,37],[3,62],[67,-17],[13,49],[46,14],[13,36],[8,135],[-7,68],[48,22],[215,-29],[-45,79],[-40,-10],[-26,55],[11,40],[41,50],[43,-54],[32,6],[48,-21],[42,14],[6,43],[101,-17],[34,-52],[95,-48],[1,-71],[-21,-30],[24,-59],[33,-30],[5,-32],[63,-18],[40,28],[38,-5],[25,-29],[75,-22],[38,16],[93,-1],[24,23],[10,61],[31,50],[78,15],[49,-6],[25,-40],[30,-4],[23,-53],[-69,-54],[-19,-48],[3,-54],[-11,-92],[5,-79],[20,-32],[-41,-110],[9,-52],[0,-77],[-14,-45],[-52,-38],[-38,-2],[-81,-38],[-46,8],[-37,-69],[36,-79],[45,3],[37,-19],[-1,-62],[29,-6],[49,-74],[31,-14],[39,-62],[26,-6],[27,43],[27,9],[49,-22],[31,-74],[10,-76]]],"transform":{"scale":[0.00040733507086711756,0.000338263923181313],"translate":[150.43599000336152,-33.68560749721504]},"objects":{"nswpol-maps-2013-p100-alldistricts":{"type":"GeometryCollection","geometries":[{"arcs":[[0]],"type":"Polygon","properties":{"ID":41,"Name":"Hawkesbury","Electors":50751,"ProjectedPopulation":52202,"Members":1,"ElectorDeviation":-1.68974,"ProjectedDeviation":-1.07566}}]}}}