{"type":"Topology","arcs":[[[123,12],[-51,10],[-29,-22],[-24,40],[3,36],[-22,52],[56,55],[30,-64],[81,-22],[-44,-85]]],"transform":{"scale":[0.0004063265835313501,0.00033782620369205297],"translate":[151.0598824146451,-33.9071370302861]},"objects":{"nswpol-maps-2013-p100-alldistricts":{"type":"GeometryCollection","geometries":[{"arcs":[[0]],"type":"Polygon","properties":{"ID":85,"Name":"Strathfield","Electors":50885,"ProjectedPopulation":52496,"Members":1,"ElectorDeviation":-1.43017,"ProjectedDeviation":-0.518525}}]}}}