{"type":"Topology","arcs":[[[1606,351],[-33,-11],[-84,-65],[-78,-25],[-74,6],[-115,-8],[-66,14],[-42,-61],[-35,-70],[-80,-23],[-49,-35],[-28,-6],[-44,9],[-29,-31],[-72,-45],[-25,15],[-31,59],[-9,41],[-27,14],[-116,-20],[-71,57],[-69,23],[-75,-3],[-68,3],[-113,-24],[-40,0],[-53,19],[43,196],[-31,4],[-16,77],[-76,97],[15,31],[57,102],[53,64],[-11,39],[18,61],[30,16],[18,26],[7,65],[16,26],[-10,47],[25,7],[2,54],[-41,42],[18,30],[84,-32],[19,-23],[40,87],[34,26],[3,45],[-31,47],[64,-16],[11,19],[94,69],[125,0],[25,-139],[30,1],[0,32],[33,2],[27,26],[22,4],[43,-19],[78,-5],[42,33],[34,-1],[15,43],[38,19],[26,26],[5,24],[-24,118],[30,23],[47,12],[25,-52],[45,-44],[6,-123],[19,-87],[103,-78],[23,-56],[61,-60],[31,-57],[42,-9],[13,-38],[-26,-73],[18,-51],[2,-110],[11,-20],[69,-63],[71,-255],[-18,-62]]],"transform":{"scale":[0.000051621036367213615,0.000043070808427812865],"translate":[150.990053257424,-33.83496958815262]},"objects":{"nswpol-maps-2013-p100-alldistricts":{"type":"GeometryCollection","geometries":[{"arcs":[[0]],"type":"Polygon","properties":{"ID":73,"Name":"Parramatta","Electors":52395,"ProjectedPopulation":53358,"Members":1,"ElectorDeviation":1.49487,"ProjectedDeviation":1.11499}}]}}}