{"type":"Topology","arcs":[[[1224,0],[-241,43],[-78,4],[-74,13],[20,80],[-122,21],[-6,-31],[-37,-35],[-16,-67],[-51,9],[-44,37],[-42,10],[-77,89],[-76,19],[-65,-11],[-66,32],[-7,43],[-26,12],[-8,41],[-26,19],[-13,55],[-21,36],[-4,42],[15,40],[-36,17],[-29,42],[2,31],[-28,1],[-31,40],[1,41],[-38,18],[7,46],[22,49],[39,13],[-10,48],[35,15],[14,48],[18,28],[-10,28],[29,38],[30,13],[2,74],[17,46],[-5,25],[27,26],[6,29],[-23,22],[23,15],[15,30],[28,17],[19,49],[135,-27],[194,-16],[111,1],[483,-77],[-1,-6],[-35,-216],[80,-5],[112,-66],[26,-49],[22,-16],[79,-17],[-15,-86],[6,-76],[-18,-22],[-16,-64],[17,-48],[-2,-21],[115,-18],[29,-55],[-45,-38],[-24,-36],[-27,3],[-112,-19],[-71,9],[-49,-59],[-30,-51],[2,-74],[11,-47],[-2,-40],[-29,-57],[-5,-57]]],"transform":{"scale":[0.000051623659071736324,0.00004307248760163155],"translate":[150.85595199621952,-33.7911442849491]},"objects":{"nswpol-maps-2013-p100-alldistricts":{"type":"GeometryCollection","geometries":[{"arcs":[[0]],"type":"Polygon","properties":{"ID":51,"Name":"Blacktown","Electors":51350,"ProjectedPopulation":52709,"Members":1,"ElectorDeviation":-0.529414,"ProjectedDeviation":-0.114884}}]}}}