{"type":"Topology","arcs":[[[3080,1318],[-6,-11],[-36,-3],[-53,16],[-49,-2],[-35,8],[-22,13],[-43,3],[-25,-20],[-6,-45],[-35,-37],[-52,8],[-34,-4],[-57,-53],[-13,-43],[-4,-68],[-7,-41],[-35,-77],[-7,-25],[3,-43],[-10,-88],[8,-32],[21,-32],[-165,25],[-3,-15],[-124,22],[-18,-112],[-272,46],[-13,-74],[-161,27],[-59,-240],[-48,-146],[-18,-79],[-40,-77],[-48,-76],[-34,-43],[-55,66],[-349,347],[-175,172],[-5,0],[-82,78],[-1,30],[-55,54],[12,46],[-54,14],[-22,74],[-23,3],[-19,30],[-26,65],[-45,74],[-19,21],[-45,28],[-145,73],[-73,0],[-25,7],[-24,26],[-16,18],[-59,0],[-52,-10],[-21,-13],[-33,-4],[-19,12],[-15,53],[-11,14],[-44,28],[-16,34],[-36,20],[-19,22],[-4,174],[-5,481],[4,4],[87,23],[52,8],[86,5],[111,-1],[52,5],[127,22],[24,56],[25,30],[22,45],[49,163],[36,50],[54,32],[31,36],[19,59],[24,51],[67,-34],[122,-49],[58,-13],[88,1],[153,20],[88,-3],[63,-15],[55,-18],[95,-46],[-30,-62],[149,-187],[5,-43],[26,-107],[62,-8],[-56,-261],[-30,-121],[62,-27],[44,-11],[78,0],[81,14],[139,32],[71,2],[61,-8],[49,0],[61,7],[37,-1],[76,-16],[59,-29],[137,-112],[25,32],[18,-16],[56,3],[35,13],[46,-8],[47,18],[52,-29],[16,-32],[2,-49],[37,-81],[23,-35],[31,-24],[19,-4]]],"transform":{"scale":[0.000026437754975285974,0.00002207754347462231],"translate":[150.94873227542905,-33.86407853847189]},"objects":{"nswpol-maps-2013-p100-alldistricts":{"type":"GeometryCollection","geometries":[{"arcs":[[0]],"type":"Polygon","properties":{"ID":58,"Name":"Granville","Electors":50784,"ProjectedPopulation":51948,"Members":1,"ElectorDeviation":-1.62582,"ProjectedDeviation":-1.557}}]}}}