{"type":"Topology","arcs":[[[204,52],[-74,-15],[-30,-18],[-89,-19],[-11,41],[36,12],[-24,54],[29,22],[51,-10],[61,-8],[1,-22],[50,-37]]],"transform":{"scale":[0.00040675908801810965,0.00033696690738905806],"translate":[151.07229046757305,-33.94319997753023]},"objects":{"nswpol-maps-2013-p100-alldistricts":{"type":"GeometryCollection","geometries":[{"arcs":[[0]],"type":"Polygon","properties":{"ID":84,"Name":"Canterbury","Electors":53644,"ProjectedPopulation":54365,"Members":1,"ElectorDeviation":3.91432,"ProjectedDeviation":3.02329}}]}}}