{"type":"Topology","arcs":[[[2807,783],[1,-18],[-17,-81],[8,-49],[-7,-101],[-27,-72],[131,-37],[-42,-65],[7,-33],[-11,-45],[16,-10],[2,-42],[-36,-61],[-38,-44],[-98,-95],[-17,-30],[-84,72],[1,36],[19,49],[10,58],[-29,16],[-37,55],[-100,5],[-106,70],[-39,17],[-39,-22],[-58,29],[-77,-112],[-32,46],[-64,25],[-48,3],[-67,27],[-28,43],[4,92],[12,57],[-15,28],[-62,61],[-60,23],[-30,25],[-79,110],[-16,38],[-28,35],[-78,36],[-200,37],[-35,14],[-97,54],[-118,52],[-42,93],[-33,94],[-78,120],[-119,162],[-61,108],[-29,70],[-47,51],[-69,37],[-54,42],[-58,89],[-55,51],[-53,40],[-45,19],[-149,47],[-100,-4],[-61,19],[-46,61],[68,115],[5,19],[69,116],[22,66],[28,32],[51,96],[109,183],[100,175],[104,190],[31,52],[205,-117],[38,-4],[121,-67],[38,88],[71,-13],[15,19],[50,-45],[43,-11],[27,-20],[-20,-41],[20,-24],[5,-69],[-42,-46],[13,-23],[70,-67],[30,-10],[6,-25],[-4,-59],[-27,-55],[4,-31],[52,-36],[32,-41],[9,-29],[94,-57],[35,-75],[67,-35],[28,-91],[55,18],[68,-9],[98,-21],[41,-36],[86,-13],[57,44],[128,33],[93,8],[49,-8],[30,-19],[78,-6],[181,-28],[50,-10],[-3,43],[-23,31],[5,63],[83,-12],[6,39],[55,-16],[125,-23],[-7,-28],[17,-69],[57,-123],[51,-80],[-12,-60],[4,-61],[-9,-75],[26,-114],[32,-65],[2,-46],[-16,-59],[1,-70],[64,-63],[28,-50],[-24,-67],[-19,-20],[-117,3],[-81,50],[-20,-6],[-45,-68],[-12,-30],[-26,-126],[-20,-28],[-35,-19],[-13,-36],[2,-67],[18,-48],[51,-23],[30,-41],[51,-44]]],"transform":{"scale":[0.00005163411118356455,0.000043081537785659364],"translate":[150.87404461559245,-33.75057800624995]},"objects":{"nswpol-maps-2013-p100-alldistricts":{"type":"GeometryCollection","geometries":[{"arcs":[[0]],"type":"Polygon","properties":{"ID":60,"Name":"Castle Hill","Electors":50201,"ProjectedPopulation":52469,"Members":1,"ElectorDeviation":-2.75515,"ProjectedDeviation":-0.569691}}]}}}