{"type":"Topology","arcs":[[[727,17],[-28,-9],[-88,10],[-32,-18],[-49,9],[18,32],[10,69],[26,4],[17,99],[-147,23],[-42,-6],[7,45],[-144,20],[-35,24],[-90,-22],[-55,20],[29,35],[-66,70],[-5,31],[-39,17],[-14,77],[60,9],[45,98],[35,61],[96,153],[42,-53],[350,-230],[33,-11],[72,6],[-27,-174],[28,-35],[27,-82],[1,-22],[-42,-134],[40,-65],[44,9],[-17,-43],[-60,-17]]],"transform":{"scale":[0.00009838168693405228,0.00008195311849157287],"translate":[150.96729501171535,-33.9352207017566]},"objects":{"nswpol-maps-2013-p100-alldistricts":{"type":"GeometryCollection","geometries":[{"arcs":[[0]],"type":"Polygon","properties":{"ID":78,"Name":"Bankstown","Electors":49849,"ProjectedPopulation":51459,"Members":1,"ElectorDeviation":-3.43702,"ProjectedDeviation":-2.48367}}]}}}