{"type":"Topology","arcs":[[[1117,139],[-17,-5],[-157,-7],[-54,-7],[-63,2],[-121,-24],[-123,-33],[-48,-9],[-175,-16],[-64,13],[-151,-33],[-76,-20],[-60,7],[-8,59],[6,116],[99,202],[10,32],[-9,109],[68,63],[44,47],[58,51],[129,86],[20,45],[84,84],[72,32],[59,63],[15,44],[113,15],[59,-8],[39,9],[32,-95],[41,-26],[57,0],[-36,-93],[55,-18],[28,-101],[-14,-47],[-47,4],[-58,-19],[-53,-47],[-60,-84],[-9,-27],[11,-37],[30,-40],[57,-48],[114,-28],[103,-211]]],"transform":{"scale":[0.00005162956513089639,0.000043084940679057844],"translate":[151.14456011490986,-33.89002994951595]},"objects":{"nswpol-maps-2013-p100-alldistricts":{"type":"GeometryCollection","geometries":[{"arcs":[[0]],"type":"Polygon","properties":{"ID":90,"Name":"Balmain","Electors":51539,"ProjectedPopulation":52400,"Members":1,"ElectorDeviation":-0.1633,"ProjectedDeviation":-0.700448}}]}}}