{"type":"Topology","arcs":[[[3569,104],[2,-15],[-77,-2],[-117,17],[-85,-17],[-135,-13],[-128,4],[-81,14],[-53,1],[-23,-6],[-65,-35],[-62,-21],[-90,-16],[-58,-1],[-57,7],[-55,17],[-51,26],[-23,16],[-33,37],[-59,89],[-29,51],[-37,34],[-31,9],[-49,1],[-187,-77],[-41,-14],[-97,-20],[-46,-22],[-61,-55],[-42,-28],[-82,-39],[-68,-38],[-22,-8],[-35,8],[-29,27],[-39,56],[-39,82],[-18,22],[-30,5],[-135,-20],[-102,-28],[-25,15],[-20,60],[-16,22],[-41,38],[-46,32],[-67,25],[-136,31],[-16,13],[-41,51],[-48,19],[-74,2],[-50,-7],[-40,5],[-14,17],[-20,82],[-12,24],[-36,39],[-28,19],[-24,6],[-79,-2],[-23,7],[-33,34],[-56,102],[-41,110],[-17,35],[-40,62],[-57,64],[84,63],[43,52],[153,177],[29,57],[31,-6],[36,-33],[26,-5],[34,12],[63,-4],[46,3],[0,18],[163,189],[55,-50],[11,-1],[171,196],[59,-41],[336,386],[17,-16],[39,42],[168,189],[11,25],[-41,37],[-185,172],[-181,167],[75,83],[145,169],[39,43],[77,92],[26,68],[0,94],[39,-20],[18,-1],[19,17],[8,39],[13,7],[32,-6],[14,-16],[41,-122],[-9,-42],[-11,-9],[-29,4],[-8,-16],[25,-50],[1,-50],[9,-38],[24,-23],[68,60],[29,6],[4,-65],[19,-26],[42,-13],[13,-74],[-1,-16],[78,-18],[49,-43],[28,-36],[-13,-20],[-37,0],[-19,-17],[13,-39],[-13,-51],[8,-81],[27,-48],[12,-48],[28,-7],[11,30],[36,33],[43,48],[35,68],[15,-1],[57,-42],[27,-5],[24,13],[25,0],[21,-41],[8,-23],[8,-109],[14,-74],[53,-90],[-6,-26],[-27,-44],[-20,-19],[-19,-3],[-42,27],[-50,-12],[-39,-4],[-21,12],[-8,37],[-25,22],[-48,-29],[-23,-2],[-27,17],[-29,5],[-111,-22],[-31,-11],[-31,-22],[-20,-25],[48,-42],[25,-38],[7,-23],[98,-16],[332,-58],[341,-63],[68,-41],[146,-27],[43,18],[23,25],[58,13],[70,38],[81,8],[11,-36],[2,-36],[-30,-48],[-36,-74],[-42,-39],[38,-62],[68,40],[108,56],[91,56],[36,-27],[122,-67],[50,-32],[33,-26],[50,-63],[15,-32],[15,-65],[0,-93],[31,-211],[26,5],[7,-57],[-25,-6],[13,-55],[36,-109],[2,-35],[-30,11],[-27,0],[-28,-21],[-17,0],[-5,-44],[-37,-21],[-41,-38],[-51,-25],[-10,-41],[-3,-87],[10,-12],[-48,-35],[-12,-25],[-2,-105],[-25,-25],[-16,-41],[0,-35],[20,-40],[61,-86],[14,-48],[4,-37]]],"transform":{"scale":[0.000026443375236771167,0.000022075916831489073],"translate":[151.09488087051443,-33.84684672198233]},"objects":{"nswpol-maps-2013-p100-alldistricts":{"type":"GeometryCollection","geometries":[{"arcs":[[0]],"type":"Polygon","properties":{"ID":66,"Name":"Lane Cove","Electors":52292,"ProjectedPopulation":53157,"Members":1,"ElectorDeviation":1.29534,"ProjectedDeviation":0.73409}}]}}}