{"type":"Topology","arcs":[[[1559,0],[-122,16],[-152,42],[-102,23],[-148,18],[-93,3],[-137,-8],[-211,-30],[-127,5],[55,49],[21,29],[6,41],[27,24],[171,-32],[21,74],[22,155],[-150,27],[-64,103],[12,55],[75,-15],[24,123],[-74,12],[49,138],[25,26],[4,38],[-36,44],[-1,37],[25,81],[25,56],[7,99],[-34,-9],[-188,-96],[-88,-6],[-53,51],[-37,8],[-43,40],[-63,38],[-51,9],[-4,-30],[-67,22],[-70,5],[-2,22],[-11,103],[29,89],[65,41],[8,40],[-7,65],[8,84],[93,245],[44,70],[37,37],[27,-6],[66,30],[49,71],[24,22],[71,-13],[132,-54],[530,-203],[86,-36],[59,-72],[38,-70],[49,-134],[122,-164],[40,-49],[79,-84],[121,-161],[64,-93],[46,-101],[14,-49],[4,-109],[-60,-3],[-77,9],[-274,43],[-47,-76],[20,-30],[44,-31],[29,-110],[21,-2],[-12,-66],[62,-66],[-29,-178],[-151,31],[36,-48],[16,-86],[56,-63],[27,-110]]],"transform":{"scale":[0.00009838755979686363,0.000082024937561321],"translate":[150.6579132,-33.79108238022697]},"objects":{"nswpol-maps-2013-p100-alldistricts":{"type":"GeometryCollection","geometries":[{"arcs":[[0]],"type":"Polygon","properties":{"ID":48,"Name":"Londonderry","Electors":49999,"ProjectedPopulation":52108,"Members":1,"ElectorDeviation":-3.14645,"ProjectedDeviation":-1.2538}}]}}}