{"type":"Topology","arcs":[[[1215,60],[-31,-13],[-42,-8],[-34,16],[-54,50],[5,30],[53,5],[-4,31],[-62,10],[-64,-35],[-39,-42],[0,34],[-59,-27],[-45,25],[-102,-51],[-35,2],[-33,22],[-43,-5],[-73,-31],[-37,-73],[-71,41],[-23,38],[-109,44],[-51,38],[-84,27],[-66,34],[-112,20],[72,124],[52,114],[7,34],[50,-8],[66,49],[32,-14],[58,-4],[73,25],[25,-55],[15,-24],[85,-87],[42,-6],[-44,-51],[320,-52],[22,17],[150,49],[41,-9],[-29,-32],[5,-23],[78,1],[14,-77],[40,-17],[5,-30],[65,-71],[-29,-35]]],"transform":{"scale":[0.00009835207877268863,0.00008192714982437535],"translate":[150.8571215768759,-33.9141886875165]},"objects":{"nswpol-maps-2013-p100-alldistricts":{"type":"GeometryCollection","geometries":[{"arcs":[[0]],"type":"Polygon","properties":{"ID":56,"Name":"Cabramatta","Electors":52854,"ProjectedPopulation":53346,"Members":1,"ElectorDeviation":2.384,"ProjectedDeviation":1.09225}}]}}}