{"type":"Topology","arcs":[[[1142,1503],[-70,-117],[-87,-175],[-1,-51],[21,-31],[-15,-94],[18,-54],[-18,-75],[5,-40],[-85,-125],[-32,-108],[-39,-83],[16,-56],[-8,-60],[32,-9],[-68,-57],[-50,-90],[-12,-66],[-57,-82],[-6,-80],[-38,-50],[-52,50],[-144,103],[-55,28],[17,115],[-33,-9],[-29,33],[-83,38],[-39,-6],[-63,19],[-22,32],[-41,-4],[-47,39],[-2,85],[36,-2],[45,59],[-119,186],[-17,101],[56,48],[80,-20],[75,57],[86,-82],[41,90],[96,-18],[-3,72],[28,46],[84,-19],[44,26],[4,40],[34,17],[-2,55],[31,45],[51,-7],[46,23],[7,36],[-35,9],[8,53],[37,0],[32,59],[53,-13],[1,66],[-18,5],[-8,64],[45,-6],[76,71],[63,-10],[1,25],[47,7],[38,-33],[32,-6],[12,-64]]],"transform":{"scale":[0.00040710528296340943,0.0003382304750091221],"translate":[152.7966220729044,-30.448635991454324]},"objects":{"nswpol-maps-2013-p100-alldistricts":{"type":"GeometryCollection","geometries":[{"arcs":[[0]],"type":"Polygon","properties":{"ID":18,"Name":"Coffs Harbour","Electors":49755,"ProjectedPopulation":51654,"Members":1,"ElectorDeviation":-3.6191,"ProjectedDeviation":-2.11414}}]}}}