{"type":"Topology","arcs":[[[3136,686],[-64,-21],[-104,-74],[-62,-55],[-72,-33],[-79,-15],[-144,10],[-84,-12],[-70,-3],[-72,1],[-87,10],[-40,17],[-44,-59],[-38,-59],[-17,-50],[-51,-87],[-30,-17],[-128,-29],[-60,-46],[-36,-22],[-53,-12],[-46,17],[-40,0],[-21,-17],[-35,-43],[-41,-24],[-78,-60],[-23,-3],[-19,4],[-31,24],[-23,35],[-37,81],[-2,49],[-16,32],[-52,29],[-46,-18],[-46,8],[-36,-13],[-56,-3],[-18,16],[-25,-32],[-137,111],[-59,29],[-76,16],[-37,1],[-60,-7],[-49,0],[-61,8],[-72,-2],[-139,-32],[-81,-14],[-77,0],[-44,11],[-62,27],[30,121],[56,262],[-62,8],[-26,107],[-5,43],[-149,187],[30,62],[111,198],[72,81],[37,-24],[45,34],[-39,22],[-9,13],[-25,75],[20,84],[17,36],[34,28],[24,2],[26,28],[8,24],[5,75],[9,51],[31,51],[-24,50],[6,43],[24,-1],[23,15],[4,104],[-43,48],[-36,34],[6,38],[29,20],[20,-3],[51,-29],[39,-6],[53,-25],[38,-44],[18,-2],[10,21],[-1,34],[24,74],[26,42],[55,33],[14,18],[10,51],[-5,38],[-14,27],[-47,65],[125,-31],[21,37],[154,119],[29,14],[123,4],[123,-4],[48,-270],[30,-34],[27,35],[2,63],[16,14],[46,-9],[23,11],[14,26],[17,13],[42,7],[86,-37],[31,-6],[38,2],[84,-5],[34,18],[16,27],[30,19],[66,-2],[28,84],[31,25],[43,13],[12,19],[42,30],[-6,24],[15,22],[-43,213],[-5,20],[60,44],[45,14],[47,8],[31,-75],[18,-26],[59,-42],[29,-44],[10,-239],[35,-142],[4,-28],[50,-45],[150,-109],[25,-38],[20,-70],[19,-22],[56,-44],[44,-50],[59,-112],[32,-15],[36,6],[16,-8],[24,-76],[-14,-54],[-25,-40],[-12,-47],[10,-49],[26,-51],[3,-214],[22,-40],[136,-122],[15,-63],[122,-435],[2,-29],[-32,-50],[-4,-41]]],"transform":{"scale":[0.000026444833414676484,0.00002207111220199049],"translate":[150.99004030347828,-33.834969549235694]},"objects":{"nswpol-maps-2013-p100-alldistricts":{"type":"GeometryCollection","geometries":[{"arcs":[[0]],"type":"Polygon","properties":{"ID":73,"Name":"Parramatta","Electors":52395,"ProjectedPopulation":53358,"Members":1,"ElectorDeviation":1.49487,"ProjectedDeviation":1.11499}}]}}}