{"type":"Topology","arcs":[[[2709,0],[-112,93],[-66,46],[-108,61],[-74,35],[-81,31],[-220,71],[1,5],[-483,78],[-110,-1],[-195,16],[-135,27],[1,43],[41,8],[0,34],[-68,55],[-21,-5],[-24,32],[34,62],[-27,42],[-38,6],[-22,42],[15,65],[-77,0],[-81,10],[-43,0],[-199,-39],[-8,48],[-19,46],[-89,193],[-120,176],[-130,179],[-101,128],[-150,160],[57,2],[55,19],[17,22],[-12,43],[-50,0],[-38,42],[-16,62],[7,44],[37,42],[47,88],[47,35],[68,16],[53,36],[14,22],[102,4],[52,-21],[457,271],[21,-25],[79,-64],[61,-62],[82,-42],[54,-49],[46,-61],[60,-19],[101,4],[149,-46],[45,-20],[53,-40],[54,-51],[59,-88],[54,-43],[69,-37],[46,-51],[29,-70],[62,-108],[119,-162],[78,-120],[33,-94],[42,-93],[9,-79],[29,-45],[69,-178],[107,-300],[19,-44],[60,-172],[26,-51],[43,-115],[27,-84],[27,-65]]],"transform":{"scale":[0.00005162717007465079,0.000043072564637293325],"translate":[150.81241663085342,-33.752893628924106]},"objects":{"nswpol-maps-2013-p100-alldistricts":{"type":"GeometryCollection","geometries":[{"arcs":[[0]],"type":"Polygon","properties":{"ID":50,"Name":"Riverstone","Electors":46970,"ProjectedPopulation":50730,"Members":1,"ElectorDeviation":-9.01395,"ProjectedDeviation":-3.86515}}]}}}