{"type":"Topology","arcs":[[[243,78],[-31,-37],[-79,-41],[-30,38],[-13,47],[-90,-27],[2,71],[21,34],[61,138],[17,14],[51,1],[92,-18],[43,22],[22,-41],[-29,-128],[-37,-73]]],"transform":{"scale":[0.0004065745498237418,0.00033809013041368184],"translate":[150.78768075353815,-34.05847261247127]},"objects":{"nswpol-maps-2013-p100-alldistricts":{"type":"GeometryCollection","geometries":[{"arcs":[[0]],"type":"Polygon","properties":{"ID":53,"Name":"Macquarie Fields","Electors":51371,"ProjectedPopulation":52573,"Members":1,"ElectorDeviation":-0.488735,"ProjectedDeviation":-0.372608}}]}}}