{"type":"Topology","arcs":[[[1474,411],[-9,-53],[1,-78],[-13,-37],[68,-20],[-23,-34],[8,-68],[-19,-32],[-80,-89],[-44,38],[15,75],[-34,36],[-53,3],[-76,47],[-51,3],[-40,-59],[-17,24],[-94,29],[-14,23],[8,79],[-41,46],[-47,24],[-64,97],[-41,19],[-105,20],[-132,62],[-38,99],[-104,148],[-48,93],[-25,27],[-64,42],[-31,47],[-56,47],[-101,35],[-54,-2],[-31,10],[-25,32],[75,131],[12,35],[99,163],[123,219],[108,-61],[20,-2],[62,-36],[21,47],[37,-7],[71,-30],[3,-70],[-23,-24],[45,-49],[16,-48],[-13,-46],[28,-19],[21,-36],[50,-30],[18,-39],[35,-18],[15,-49],[29,10],[87,-16],[21,-19],[46,-6],[30,22],[116,22],[41,-15],[163,-23],[-11,73],[46,14],[94,-20],[6,-52],[56,-107],[-8,-103],[13,-59],[17,-34],[-7,-93],[48,-59],[-22,-45],[-62,1],[-53,23],[-29,-50],[-14,-68],[-29,-24],[-6,-54],[79,-82]]],"transform":{"scale":[0.00009838048286237311,0.00008202057453272999],"translate":[150.87397392367274,-33.7505612408223]},"objects":{"nswpol-maps-2013-p100-alldistricts":{"type":"GeometryCollection","geometries":[{"arcs":[[0]],"type":"Polygon","properties":{"ID":60,"Name":"Castle Hill","Electors":50201,"ProjectedPopulation":52469,"Members":1,"ElectorDeviation":-2.75515,"ProjectedDeviation":-0.569691}}]}}}