{"type":"Topology","arcs":[[[708,37],[-13,7],[-55,-44],[-85,15],[-47,58],[-5,65],[-19,36],[-46,-1],[-16,91],[-52,24],[-202,32],[3,-49],[-64,21],[-14,70],[-68,-21],[8,52],[-17,34],[23,126],[-39,100],[32,64],[47,-18],[63,36],[64,1],[76,14],[7,43],[77,35],[9,29],[-27,58],[14,36],[47,-1],[38,28],[42,-8],[-5,50],[126,33],[-13,58],[103,31],[7,-39],[35,-7],[41,-62],[22,44],[-13,38],[26,25],[-4,53],[64,73],[-20,47],[44,44],[-1,66],[48,19],[-13,45],[28,46],[-35,81],[-66,7],[-36,-15],[-29,31],[77,46],[88,38],[81,-8],[50,52],[28,-11],[250,-44],[17,-23],[-36,-42],[-51,-85],[-39,-81],[-17,-103],[22,-19],[35,-123],[-152,-174],[-58,-89],[-31,-87],[20,-26],[-33,-75],[21,-60],[-20,-15],[-73,-95],[-29,-71],[25,-49],[-13,-31],[-82,-103],[-49,-77],[-29,-88],[34,-65],[-126,-93]],[[16441,962],[-60,-79],[-34,12],[21,52],[4,75],[-48,68],[35,9],[32,-77],[50,-60]]],"transform":{"scale":[0.0004073974862338136,0.0003382177597569871],"translate":[152.4073194122899,-31.889221937617005]},"objects":{"nswpol-maps-2013-p100-alldistricts":{"type":"GeometryCollection","geometries":[{"arcs":[[[0]],[[1]]],"type":"MultiPolygon","properties":{"ID":24,"Name":"Port Macquarie","Electors":52415,"ProjectedPopulation":53073,"Members":1,"ElectorDeviation":1.53361,"ProjectedDeviation":0.574907}}]}}}