{"type":"Topology","arcs":[[[1829,54],[-39,-9],[-60,8],[-112,-15],[-135,10],[-76,-32],[-46,-8],[-60,3],[-66,30],[-62,90],[-18,18],[-42,5],[-117,-47],[-72,-21],[-53,-42],[-89,-44],[-18,4],[-34,43],[-20,42],[-25,14],[-69,-10],[-53,-15],[-51,69],[-58,29],[-71,16],[-29,33],[-24,10],[-63,-3],[-28,11],[-10,43],[-25,31],[-26,13],[-42,-1],[-28,21],[-28,53],[-21,57],[-29,49],[-30,32],[44,33],[100,117],[14,30],[35,-20],[87,3],[0,10],[83,95],[33,-26],[89,101],[30,-21],[172,198],[9,-9],[105,118],[6,13],[-209,193],[172,198],[14,35],[0,48],[29,-11],[14,30],[30,-8],[21,-63],[-29,-32],[13,-25],[5,-46],[12,-12],[35,31],[17,-30],[31,-20],[7,-46],[39,-10],[40,-40],[-36,-18],[4,-88],[21,-50],[60,54],[18,35],[37,-22],[39,4],[10,-21],[15,-107],[27,-45],[-17,-36],[-40,3],[-46,-8],[-28,36],[-36,-16],[-29,12],[-72,-17],[-27,-25],[41,-52],[396,-71],[34,-20],[75,-14],[33,22],[67,25],[40,4],[7,-36],[-33,-63],[-22,-20],[20,-31],[136,78],[123,-78],[26,-33],[15,-49],[0,-48],[17,-109],[13,3],[-9,-32],[25,-83],[-52,-24],[-3,-23],[-64,-43],[-7,-65],[-27,-37],[0,-54],[-22,-52],[43,-64],[9,-43]]],"transform":{"scale":[0.000051636472193908464,0.000043086588253369166],"translate":[151.09485681112116,-33.846847874833024]},"objects":{"nswpol-maps-2013-p100-alldistricts":{"type":"GeometryCollection","geometries":[{"arcs":[[0]],"type":"Polygon","properties":{"ID":66,"Name":"Lane Cove","Electors":52292,"ProjectedPopulation":53157,"Members":1,"ElectorDeviation":1.29534,"ProjectedDeviation":0.73409}}]}}}