{"type":"Topology","arcs":[[[269,43],[-53,-33],[-55,11],[-17,-21],[-55,18],[-24,28],[19,89],[-84,15],[42,243],[34,43],[168,-27],[-57,-36],[-5,-11],[73,-197],[37,-27],[1,-54],[-24,-41]]],"transform":{"scale":[0.0004062790367834712,0.0003382378325239587],"translate":[151.606612246783,-32.943419163306906]},"objects":{"nswpol-maps-2013-p100-alldistricts":{"type":"GeometryCollection","geometries":[{"arcs":[[0]],"type":"Polygon","properties":{"ID":30,"Name":"Wallsend","Electors":54302,"ProjectedPopulation":54089,"Members":1,"ElectorDeviation":5.18893,"ProjectedDeviation":2.50026}}]}}}