{"type":"Topology","arcs":[[[939,168],[-9,23],[-82,66],[-36,-5],[-22,-119],[-29,-38],[-26,-4],[-45,-52],[-41,-30],[-55,-9],[-36,29],[-72,9],[-56,132],[-37,56],[-14,54],[3,92],[-44,52],[-105,32],[-43,34],[47,16],[18,85],[38,107],[28,22],[28,59],[47,22],[7,34],[-52,17],[-5,33],[22,72],[-19,65],[-21,33],[-50,17],[-46,48],[-22,72],[-38,28],[-41,6],[-54,-12],[-9,75],[-20,26],[-48,-8],[4,133],[16,5],[30,-21],[68,14],[25,-18],[23,-53],[57,9],[42,-17],[17,12],[143,-26],[-4,28],[50,28],[2,51],[22,164],[9,36],[71,63],[25,74],[-15,31],[37,47],[8,68],[-16,41],[46,48],[2,91],[47,7],[18,43],[-31,59],[21,43],[55,56],[32,174],[-115,22],[-20,45],[22,21],[69,40],[19,38],[-8,42],[36,29],[12,59],[-24,29],[18,47],[-15,13],[-17,56],[28,55],[-15,54],[23,26],[1,32],[25,35],[4,29],[183,-25],[29,-75],[24,-29],[52,-39],[124,-20],[71,-44],[53,8],[17,17],[0,108],[45,18],[4,31],[32,21],[15,-41],[92,35],[0,31],[24,32],[36,21],[-21,45],[30,35],[5,32],[-22,33],[-28,-11],[-172,24],[21,79],[-90,21],[13,23],[42,13],[35,45],[4,42],[40,-7],[23,24],[10,53],[26,4],[18,34],[124,-27],[-43,-47],[-29,-13],[-46,-39],[132,5],[80,-44],[26,10],[27,38],[39,-17],[-4,-23],[27,-58],[18,-9],[9,-47],[70,-73],[0,-52],[38,-7],[52,93],[25,-4],[16,-34],[47,-9],[-23,-129],[-46,8],[-21,-162],[47,-7],[-2,-20],[63,-11],[-26,-142],[71,4],[36,-11],[56,-46],[11,44],[22,19],[36,76],[25,-8],[32,-47],[70,-72],[17,-110],[41,0],[82,26],[79,-2],[56,7],[29,-40],[35,-14],[64,9],[52,-12],[38,10],[54,31],[14,22],[63,-29],[28,-81],[1,-61],[-12,-28],[-72,-112],[-43,-26],[-27,-66],[-34,-33],[-20,-51],[6,-25],[-31,-21],[-94,-24],[-37,-24],[12,-20],[-26,-43],[-46,-51],[-16,-42],[-1,-53],[-52,9],[-12,-37],[-43,-28],[-15,-32],[-33,4],[-16,-46],[-60,-47],[-88,-39],[-13,-38],[-149,-106],[-57,-19],[-35,-2],[-91,-72],[2,-29],[-30,-25],[-39,1],[-21,-19],[-15,-51],[-78,-20],[-59,-70],[-8,-37],[-56,-13],[-38,-49],[-46,-38],[-35,-9],[-17,-34],[-75,-88],[-15,-60],[-21,-18],[-46,-8],[-41,-65],[-71,-20],[-55,-58],[-20,-51],[-59,-61],[-32,-47],[15,-39],[-27,-12],[-18,-39],[-2,-57],[-34,-46],[-24,-11],[-1,-58],[-43,-20],[-77,-115],[6,-32],[-28,-13],[-16,-38],[-26,-13]]],"transform":{"scale":[0.00009838836323633613,0.0000820371074333624],"translate":[150.85751122651283,-34.29999216108679]},"objects":{"nswpol-maps-2013-p100-alldistricts":{"type":"GeometryCollection","geometries":[{"arcs":[[0]],"type":"Polygon","properties":{"ID":4,"Name":"Heathcote","Electors":54294,"ProjectedPopulation":54220,"Members":1,"ElectorDeviation":5.17344,"ProjectedDeviation":2.74851}}]}}}