{"type":"Topology","arcs":[[[72,0],[-23,7],[-31,3],[-18,86],[19,30],[45,1],[35,55],[24,2],[49,-42],[-24,-36],[27,-24],[-37,-41],[-66,-41]]],"transform":{"scale":[0.0004054774438956039,0.0003377401406306322],"translate":[151.06569868945508,-33.823419474183666]},"objects":{"nswpol-maps-2013-p100-alldistricts":{"type":"GeometryCollection","geometries":[{"arcs":[[0]],"type":"Polygon","properties":{"ID":65,"Name":"Ryde","Electors":52589,"ProjectedPopulation":53384,"Members":1,"ElectorDeviation":1.87066,"ProjectedDeviation":1.16426}}]}}}