{"type":"Topology","arcs":[[[883,120],[-364,7],[-106,47],[-56,-85],[-60,-66],[-63,-18],[-17,-5],[-155,97],[8,55],[21,45],[29,61],[-43,53],[-24,49],[179,148],[23,112],[-103,148],[-31,35],[-31,5],[-17,27],[-32,11],[-41,61],[21,-1],[104,76],[78,-14],[16,22],[31,-5],[25,37],[38,-9],[23,14],[53,-10],[41,25],[3,-8],[20,-36],[-4,-28],[42,-19],[8,-52],[-14,-80],[50,-34],[103,-100],[46,-218],[171,-77],[28,-270]]],"transform":{"scale":[0.00009840528769357033,0.00008198400381129269],"translate":[151.11282915110536,-34.01114708521023]},"objects":{"nswpol-maps-2013-p100-alldistricts":{"type":"GeometryCollection","geometries":[{"arcs":[[0]],"type":"Polygon","properties":{"ID":82,"Name":"Rockdale","Electors":51402,"ProjectedPopulation":52084,"Members":1,"ElectorDeviation":-0.428684,"ProjectedDeviation":-1.29928}}]}}}