{"type":"Topology","arcs":[[[2028,1477],[-265,-147],[-170,-109],[-151,-106],[-95,-74],[-75,-64],[-78,-85],[-31,-46],[-46,-103],[-9,-78],[7,-38],[28,-51],[33,4],[45,26],[42,-30],[-37,-26],[5,-31],[-54,-21],[-21,-34],[7,-25],[-18,-42],[-38,6],[-41,-28],[-17,-38],[-59,-44],[-46,-7],[-21,-31],[-34,-7],[-96,-77],[-7,-39],[-151,-94],[-33,-38],[-104,38],[10,55],[-18,3],[1,85],[11,32],[40,21],[74,3],[36,41],[55,26],[-146,25],[-136,27],[-51,55],[0,66],[-37,59],[25,13],[72,6],[39,24],[31,150],[26,9],[-61,66],[-35,28],[-81,43],[-36,41],[-34,64],[-21,64],[-246,684],[-16,33],[36,12],[11,-49],[72,-61],[43,-49],[75,-32],[60,7],[192,-58],[54,-47],[39,-83],[120,-50],[52,-16],[68,-7],[71,1],[57,-10],[50,-24],[28,-26],[31,88],[-17,52],[14,39],[-28,68],[-4,61],[-60,48],[440,66],[33,46],[272,-47],[-5,-25],[147,-26],[46,6],[6,-36],[54,-37],[49,-51],[22,-44]]],"transform":{"scale":[0.00009837308387752114,0.00008202910126373546],"translate":[151.67908748596093,-32.96271335604457]},"objects":{"nswpol-maps-2013-p100-alldistricts":{"type":"GeometryCollection","geometries":[{"arcs":[[0]],"type":"Polygon","properties":{"ID":29,"Name":"Newcastle","Electors":52097,"ProjectedPopulation":52677,"Members":1,"ElectorDeviation":0.917607,"ProjectedDeviation":-0.175525}}]}}}