{"type":"Topology","arcs":[[[233,6],[-27,-2],[-65,15],[-44,-19],[-66,31],[-31,38],[66,41],[37,41],[-27,24],[24,36],[22,-24],[31,-26],[-27,-32],[114,-31],[6,-25],[-13,-67]]],"transform":{"scale":[0.00040666636882774566,0.0003372508184221477],"translate":[151.09478006350497,-33.84660279741203]},"objects":{"nswpol-maps-2013-p100-alldistricts":{"type":"GeometryCollection","geometries":[{"arcs":[[0]],"type":"Polygon","properties":{"ID":66,"Name":"Lane Cove","Electors":52292,"ProjectedPopulation":53157,"Members":1,"ElectorDeviation":1.29534,"ProjectedDeviation":0.73409}}]}}}