{"type":"Topology","arcs":[[[3674,5356],[-161,-135],[-147,-137],[-113,-115],[-84,-94],[-46,-58],[-88,-136],[-57,-107],[-38,-97],[-23,-95],[-17,-101],[0,-40],[11,-64],[14,-44],[41,-55],[39,22],[40,-83],[19,-13],[-6,-76],[-11,-21],[-35,-19],[-12,-32],[-20,-7],[-11,-70],[-35,1],[-21,-50],[-53,-27],[-57,-63],[-33,-69],[-14,-57],[-55,-83],[3,-38],[-21,-59],[21,-18],[7,-57],[29,-33],[28,5],[21,22],[25,-25],[-98,-10],[-19,-44],[2,-35],[15,-22],[-20,-17],[7,-61],[-52,-2],[-32,-49],[39,-42],[-36,-55],[22,-16],[13,-39],[-37,-54],[6,-22],[-28,-23],[-3,-29],[-38,-31],[0,-38],[-19,-26],[-35,19],[-23,-9],[-61,-84],[-40,-77],[-11,-50],[7,-70],[50,-52],[26,17],[40,-31],[-10,-27],[15,-37],[1,-39],[-37,-17],[-35,1],[-17,-15],[-4,-67],[28,-42],[26,6],[20,-18],[-22,-24],[21,-30],[60,-12],[-1,-30],[-58,-6],[-44,26],[-63,-46],[-30,-38],[19,-69],[-10,-64],[9,-48],[-17,-18],[-42,27],[-56,-18],[-26,-46],[3,-35],[17,-32],[7,-44],[-22,-26],[56,-63],[-61,12],[-33,-21],[-17,-33],[-52,-35],[-24,-28],[-45,19],[-29,-14],[-45,-35],[-53,-54],[-55,-37],[-77,-67],[-93,-99],[-76,-99],[-94,-92],[-25,-14],[-50,-56],[-78,-75],[-85,-104],[-19,-41],[-22,-16],[-80,-147],[-35,-70],[-33,-84],[-23,-107],[13,-99],[-18,-29],[-35,7],[0,101],[11,35],[-69,-43],[14,44],[-22,28],[-12,123],[52,31],[62,114],[-682,-164],[-169,454],[-107,169],[-60,39],[-51,23],[13,30],[118,108],[38,60],[8,38],[-7,47],[55,34],[21,22],[51,94],[-47,77],[-38,30],[-64,11],[-57,1],[14,86],[29,38],[20,116],[55,34],[45,-8],[13,31],[46,-10],[36,28],[39,14],[-27,107],[3,45],[35,58],[18,8],[12,37],[-11,120],[-30,55],[-20,80],[-16,35],[54,25],[7,16],[115,348],[755,488],[-101,783],[884,-57],[365,622],[-285,1088],[87,350],[340,-82],[78,-4],[108,18],[115,-12],[131,-31],[46,3],[14,-49],[20,-18],[58,-23],[49,-39],[16,-43],[27,-11],[58,-3],[32,19],[22,31],[38,26],[52,48],[20,31],[401,-72],[-78,-71],[-36,-53],[-46,-55],[-23,-13],[-123,-25],[-47,-23],[-41,-49],[-42,-65],[45,-30],[207,-99]],[[3233,4004],[-52,-43],[10,50],[42,-7]]],"transform":{"scale":[0.000051639297835573226,0.000043080363065613504],"translate":[151.5075432910793,-33.25945158982147]},"objects":{"nswpol-maps-2013-p100-alldistricts":{"type":"GeometryCollection","geometries":[{"arcs":[[[0]],[[1]]],"type":"MultiPolygon","properties":{"ID":32,"Name":"Swansea","Electors":52510,"ProjectedPopulation":53169,"Members":1,"ElectorDeviation":1.71763,"ProjectedDeviation":0.75683}}]}}}