{"type":"Topology","arcs":[[[1998,0],[-136,29],[-86,23],[-134,49],[-74,34],[-101,62],[-45,33],[-71,63],[-7,-5],[-116,114],[-93,88],[-122,-110],[-112,-131],[-57,-73],[-25,-46],[-48,-3],[-18,16],[8,27],[-47,4],[-37,-8],[-75,-3],[-44,-35],[-25,-11],[-81,-6],[-80,-25],[-23,16],[-8,50],[-16,33],[12,49],[-21,10],[-66,-14],[-35,14],[-50,-16],[-28,101],[-41,1],[-31,50],[-36,8],[-19,21],[-10,38],[14,16],[40,-17],[0,46],[57,31],[13,16],[-4,47],[23,19],[112,-18],[19,122],[21,15],[43,-6],[6,44],[40,30],[18,-9],[82,13],[59,-6],[56,-23],[28,-27],[62,21],[35,-11],[26,12],[43,-29],[25,53],[36,3],[-20,47],[-36,10],[-27,21],[17,92],[21,50],[31,182],[42,-7],[14,82],[-88,16],[30,208],[86,-14],[24,135],[109,-20],[7,32],[23,27],[19,86],[16,131],[25,249],[-15,161],[102,-15],[31,6],[62,-22],[46,-7],[21,-15],[9,59],[94,-18],[27,-14],[65,-58],[30,0],[81,-76],[68,-14],[102,-99],[66,-6],[38,24],[65,-7],[359,183],[63,17],[1,-108],[-13,-81],[-48,-105],[-48,-155],[2,-68],[22,-40],[46,-46],[7,-30],[-14,-42],[-48,-49],[-36,-105],[-57,-158],[141,-23],[-44,-234],[-144,28],[-16,-52],[-7,-53],[14,-39],[106,-157],[288,-51],[-13,-107],[-29,-188],[-23,-31],[-5,-73],[-15,-37],[-236,42],[-86,19],[-38,-43],[-15,-3],[-13,-79],[-39,-54],[-103,-93]]],"transform":{"scale":[0.00005163553501498685,0.00004306973274156499],"translate":[150.60075354398487,-33.785398110165076]},"objects":{"nswpol-maps-2013-p100-alldistricts":{"type":"GeometryCollection","geometries":[{"arcs":[[0]],"type":"Polygon","properties":{"ID":47,"Name":"Penrith","Electors":51507,"ProjectedPopulation":52745,"Members":1,"ElectorDeviation":-0.225288,"ProjectedDeviation":-0.0466626}}]}}}