{"type":"Topology","arcs":[[[2335,5511],[-29,-40],[18,-84],[-65,-85],[4,-26],[-42,-79],[0,-1],[1,-2],[-10,-7],[2,-5],[0,-1],[-2,-1],[-2,1],[-1,1],[0,-1],[-1,0],[-59,-62],[12,-40],[-27,-75],[22,-65],[-88,17],[-30,-14],[-20,-60],[-54,-69],[-15,-43],[20,-60],[4,-124],[-23,-75],[24,-102],[-28,-45],[-20,-101],[-20,-48],[11,-53],[-27,-94],[-3,-87],[20,-47],[-2,-100],[33,-75],[-6,-48],[13,-49],[-44,-67],[15,-45],[-14,-36],[-70,-68],[-43,-62],[-49,-134],[11,-48],[37,-23],[-31,-43],[2,-41],[-40,-66],[10,-133],[-10,-54],[23,-12],[-27,-76],[-81,-156],[-67,-150],[-7,-50],[-22,-22],[-9,-62],[26,-27],[-26,-98],[-28,-63],[-31,-15],[-33,-50],[-18,-110],[6,-45],[-18,-57],[4,-66],[-37,14],[-23,-35],[-6,-56],[34,-59],[48,-13],[-16,-36],[-12,-81],[7,-41],[37,-47],[-12,-51],[95,-59],[21,-46],[-3,-58],[-41,-90],[40,-40],[49,-26],[17,-99],[16,-32],[6,-80],[25,-59],[48,-64],[-85,15],[-66,44],[-42,-19],[-46,-48],[-26,-59],[56,-74],[17,-62],[-34,-58],[-22,-79],[14,-41],[-3,-55],[11,-55],[45,-91],[-1,-143],[-467,218],[-700,328],[-355,170],[111,436],[-7,266],[47,56],[-47,13],[-15,71],[-43,58],[14,40],[4,74],[-10,79],[10,40],[65,52],[70,11],[60,31],[100,13],[14,30],[-55,41],[-45,108],[-45,1],[-28,26],[2,50],[48,63],[3,56],[-39,49],[33,49],[9,108],[-115,-8],[0,42],[-40,41],[-7,52],[-35,22],[16,28],[-7,66],[56,49],[78,28],[41,27],[39,71],[-5,134],[38,90],[68,37],[33,5],[27,84],[2,61],[77,19],[79,78],[-92,199],[-66,123],[38,24],[-11,31],[52,10],[13,61],[-11,56],[33,60],[-88,79],[16,59],[56,29],[12,60],[-24,30],[-8,67],[3,71],[33,6],[10,49],[50,-6],[70,49],[31,4],[26,-36],[34,-6],[20,42],[26,150],[-13,134],[-21,38],[10,82],[-14,31],[19,71],[61,56],[105,-16],[108,48],[46,52],[7,51],[50,60],[46,-3],[46,92],[82,147],[32,11],[-5,35],[35,34],[5,49],[-24,90],[36,12],[40,88],[17,87],[37,-4],[55,-91],[21,-53],[177,-84],[73,28],[17,-16],[43,32],[14,-24],[73,-5],[26,48],[46,36],[53,4],[79,-62],[9,-38],[-9,-114],[34,-19],[13,-39],[50,-23],[32,12]]],"transform":{"scale":[0.0004073468125303296,0.00033829942702207717],"translate":[149.3564893986297,-37.50505999908847]},"objects":{"nswpol-maps-2013-p100-alldistricts":{"type":"GeometryCollection","geometries":[{"arcs":[[0]],"type":"Polygon","properties":{"ID":11,"Name":"Bega","Electors":51729,"ProjectedPopulation":53499,"Members":1,"ElectorDeviation":0.20475,"ProjectedDeviation":1.38219}}]}}}