{"type":"Topology","arcs":[[[1002,62],[-14,-21],[-54,-31],[-38,-10],[-52,12],[-64,-9],[-35,14],[-29,39],[-56,-7],[-79,2],[-82,-25],[-41,0],[-17,110],[-70,72],[-32,46],[-25,8],[-36,-75],[-22,-20],[-11,-43],[-56,46],[-36,11],[-71,-4],[26,142],[-63,11],[3,19],[-48,7],[21,163],[46,-8],[307,-54],[221,-33],[-46,66],[26,161],[63,-11],[41,-18],[113,8],[-35,73],[-43,58],[15,55],[63,18],[61,66],[55,85],[106,-48],[364,-6],[218,-4],[17,3],[55,-34],[19,-51],[-5,-23],[24,-73],[-16,-23],[-16,-86],[15,-14],[-75,-129],[-25,-31],[-64,-24],[-70,0],[-12,15],[-54,-4],[-21,-14],[-20,38],[-46,35],[-69,13],[-101,-20],[-102,-56],[-73,-88],[-24,-46],[-6,-53],[30,-26],[-28,-69],[28,-34],[-11,-44],[56,-27]]],"transform":{"scale":[0.00009838310732927544,0.00008202910126373946],"translate":[151.06412294649024,-34.07765372483433]},"objects":{"nswpol-maps-2013-p100-alldistricts":{"type":"GeometryCollection","geometries":[{"arcs":[[0]],"type":"Polygon","properties":{"ID":76,"Name":"Cronulla","Electors":53781,"ProjectedPopulation":54360,"Members":1,"ElectorDeviation":4.1797,"ProjectedDeviation":3.01381}}]}}}