{"type":"Topology","arcs":[[[440,6],[-148,34],[-44,-4],[-23,17],[-37,3],[-78,-13],[-41,-36],[-23,-7],[18,78],[73,67],[-122,142],[-15,26],[8,22],[103,65],[-3,46],[44,37],[42,-6],[34,10],[33,199],[128,-21],[36,-30],[19,43],[62,98],[35,31],[32,69],[0,24],[-26,72],[10,196],[37,165],[212,-36],[127,-65],[159,-53],[98,-72],[115,-42],[50,-34],[42,-7],[26,-57],[17,-16],[79,-37],[58,-41],[18,60],[52,81],[33,3],[62,28],[7,58],[20,5],[17,-36],[82,9],[63,-42],[34,-8],[7,46],[17,0],[8,-41],[55,23],[76,45],[37,1],[26,28],[39,-1],[-4,-42],[51,-6],[51,23],[5,27],[43,12],[13,-11],[-21,-53],[21,-11],[-24,-52],[5,-47],[31,-79],[8,-52],[26,-81],[-12,-31],[-31,-24],[-38,-10],[-43,0],[-46,-28],[-52,-7],[-155,31],[-37,-10],[-37,-42],[-16,-42],[-2,-38],[-38,-78],[-15,-15],[-59,10],[19,38],[-127,22],[-262,40],[-115,16],[-139,-25],[-289,-10],[-34,-17],[-15,-94],[-118,19],[-49,35],[-56,-27],[-30,-48],[20,-29],[-36,-18],[-13,-28],[-37,9],[-19,-31],[-13,-59],[-29,-47],[-25,-4],[-37,-27],[2,-41],[20,-35],[-23,-16],[-7,-52],[14,-21],[-16,-20]]],"transform":{"scale":[0.000051631681662059366,0.00004307491818368853],"translate":[150.82650009025167,-33.95182276939488]},"objects":{"nswpol-maps-2013-p100-alldistricts":{"type":"GeometryCollection","geometries":[{"arcs":[[0]],"type":"Polygon","properties":{"ID":55,"Name":"Liverpool","Electors":50945,"ProjectedPopulation":52671,"Members":1,"ElectorDeviation":-1.31394,"ProjectedDeviation":-0.186895}}]}}}