{"type":"Topology","arcs":[[[1554,1810],[-65,-57],[-22,-51],[-75,-28],[-62,-66],[-5,-44],[-31,-12],[-49,-49],[-74,-96],[-34,-74],[-3,-58],[25,-58],[64,-2],[2,-42],[-35,-6],[-9,-25],[-54,-49],[-22,-6],[-48,-84],[-6,-35],[13,-29],[44,-21],[5,-59],[21,-37],[-11,-25],[42,-41],[-25,-68],[-40,-19],[-64,16],[-59,-41],[-31,-69],[39,-35],[3,-29],[-26,-33],[-39,-17],[-28,-45],[8,-75],[-38,-50],[-47,4],[-58,-29],[-4,-33],[-35,-4],[-63,22],[-22,36],[-31,6],[-41,-14],[-30,-49],[1,-24],[-25,-26],[-45,15],[-42,-4],[-6,31],[-30,-1],[-101,-43],[-5,-24],[-67,-27],[-46,-39],[-31,-88],[-30,48],[0,47],[-53,26],[35,100],[-21,52],[-35,50],[20,26],[40,10],[68,-27],[28,9],[24,38],[-4,33],[-102,136],[-42,71],[-34,39],[2,26],[35,75],[7,48],[-71,79],[-4,68],[62,5],[249,346],[12,36],[-47,69],[16,100],[49,55],[29,7],[55,-6],[39,-15],[38,41],[8,30],[45,38],[3,22],[62,58],[51,63],[55,48],[52,74],[5,47],[53,27],[77,-15],[59,21],[79,-24],[41,-62],[23,13],[25,42],[22,10],[37,-37],[25,-70],[-7,-38],[43,-7],[-6,-48],[40,-21],[52,33],[117,-13],[7,42],[84,-15]]],"transform":{"scale":[0.00009841536839866391,0.00008201471001299475],"translate":[151.33200707187348,-33.5471434969171]},"objects":{"nswpol-maps-2013-p100-alldistricts":{"type":"GeometryCollection","geometries":[{"arcs":[[0]],"type":"Polygon","properties":{"ID":42,"Name":"Terrigal","Electors":53093,"ProjectedPopulation":53672,"Members":1,"ElectorDeviation":2.84697,"ProjectedDeviation":1.71003}}]}}}