{"type":"Topology","arcs":[[[1426,0],[-127,19],[-2,-16],[-146,28],[-31,80],[23,38],[34,11],[-5,36],[-36,34],[-83,-1],[-57,38],[-67,24],[-10,20],[-51,17],[-34,-34],[-35,-9],[-23,23],[-43,8],[-31,52],[-35,6],[-47,-36],[-136,-76],[-48,-53],[-72,-25],[-51,9],[12,77],[-31,52],[-123,8],[-36,62],[-54,56],[-17,25],[62,104],[-31,17],[-17,47],[17,55],[-20,39],[-60,61],[8,21],[-23,82],[36,33],[12,121],[31,32],[37,56],[8,58],[17,16],[63,9],[78,50],[43,-3],[72,28],[97,78],[65,26],[23,38],[-11,65],[25,45],[39,19],[103,-1],[65,29],[72,59],[28,71],[13,88],[16,-13],[114,-33],[47,2],[64,26],[22,18],[101,136],[123,4],[74,-3],[212,-28],[129,-53],[-31,-134],[-57,-4],[-32,-68],[-13,-77],[6,-54],[34,-1],[18,-34],[48,-27],[7,-31],[-37,-19],[-11,-46],[19,-54],[55,-11],[10,-45],[30,-39],[-27,-23],[-10,-96],[-39,2],[-36,-38],[25,-79],[-47,-5],[-22,-35],[6,-30],[-30,-14],[-19,-74],[28,-75],[-46,-30],[-25,-35],[-8,-41],[21,-42],[-42,-15],[1,-29],[-34,-28],[-33,-71],[-10,-58],[52,-65],[-30,-14],[-15,-35],[7,-42],[-31,-4],[-29,-50],[-42,-120],[-3,-82]]],"transform":{"scale":[0.00009840534687800679,0.00008203500197083858],"translate":[151.15948969512667,-33.72490055935562]},"objects":{"nswpol-maps-2013-p100-alldistricts":{"type":"GeometryCollection","geometries":[{"arcs":[[0]],"type":"Polygon","properties":{"ID":61,"Name":"Pittwater","Electors":51583,"ProjectedPopulation":52503,"Members":1,"ElectorDeviation":-0.0780676,"ProjectedDeviation":-0.50526}}]}}}