{"type":"Topology","arcs":[[[3185,623],[-90,-23],[-98,13],[-40,41],[-21,47],[-37,-46],[-6,-41],[15,-79],[-21,-31],[-36,8],[-83,-5],[-43,-78],[-33,3],[-34,-28],[-42,0],[-41,-19],[3,-36],[-49,-70],[-62,2],[-23,-54],[-39,40],[-48,-19],[-72,-11],[-10,-117],[-33,-6],[-68,-60],[-46,-54],[-96,42],[-31,34],[-36,10],[-23,53],[-31,4],[-24,40],[-50,5],[-78,-15],[-30,-49],[-11,-61],[-24,-23],[-93,1],[-37,-16],[-75,22],[-26,29],[-37,5],[-40,-29],[-64,18],[-5,33],[-33,29],[-24,59],[21,31],[-1,71],[-95,48],[-33,52],[-101,16],[-7,-43],[-42,-14],[-47,22],[-33,-7],[-42,55],[-41,-51],[-12,-40],[27,-54],[40,9],[45,-79],[-216,30],[-47,-22],[-16,-11],[-79,32],[-48,-2],[-20,51],[-59,21],[-58,-1],[-29,-38],[-50,8],[-40,31],[-107,32],[-29,-29],[-52,56],[11,75],[-24,54],[5,94],[-48,90],[-4,55],[-29,24],[12,35],[53,11],[1,55],[46,28],[26,35],[76,22],[23,57],[28,25],[43,-7],[4,41],[75,42],[4,39],[51,13],[28,-30],[46,-7],[86,39],[36,38],[12,51],[59,18],[24,27],[91,14],[26,194],[154,-27],[-47,-43],[56,-4],[28,-59],[24,-21],[99,23],[13,-45],[57,2],[17,81],[49,0],[37,63],[57,10],[10,-38],[39,-42],[179,19],[-8,31],[63,-12],[95,57],[103,47],[49,-5],[89,-46],[3,-50],[-28,-8],[-18,-99],[-29,4],[-8,-43],[23,-30],[47,-7],[-6,-47],[31,-5],[34,-70],[44,-14],[38,19],[20,36],[125,-16],[29,152],[69,50],[45,-8],[23,24],[11,73],[84,-12],[-3,-18],[74,-12],[-7,-118],[39,-56],[10,-52],[63,-10],[9,50],[43,-7],[-10,-55],[77,-15],[-12,-69],[87,-5],[-11,-64],[42,-8],[9,54],[171,-27],[-8,-47],[39,-7],[-42,-243],[84,-15],[-19,-90]]],"transform":{"scale":[0.0004073570747062944,0.0003383098121098608],"translate":[150.3355623249759,-33.13886745774606]},"objects":{"nswpol-maps-2013-p100-alldistricts":{"type":"GeometryCollection","geometries":[{"arcs":[[0]],"type":"Polygon","properties":{"ID":28,"Name":"Cessnock","Electors":49070,"ProjectedPopulation":50922,"Members":1,"ElectorDeviation":-4.94602,"ProjectedDeviation":-3.5013}}]}}}