{"type":"Topology","arcs":[[[160,52],[-49,-52],[0,2],[-49,37],[-2,22],[-60,9],[44,85],[54,20],[-12,-66],[22,-29],[52,-28]]],"transform":{"scale":[0.0004071392366983062,0.00033671017069768336],"translate":[151.10990237801093,-33.92645646630974]},"objects":{"nswpol-maps-2013-p100-alldistricts":{"type":"GeometryCollection","geometries":[{"arcs":[[0]],"type":"Polygon","properties":{"ID":93,"Name":"Summer Hill","Electors":51515,"ProjectedPopulation":52760,"Members":1,"ElectorDeviation":-0.209791,"ProjectedDeviation":-0.0182371}}]}}}