{"type":"Topology","arcs":[[[1682,228],[-694,13],[-102,54],[-101,35],[-22,-49],[-35,-55],[-47,-57],[-116,-127],[-119,-33],[-34,-9],[-143,88],[-151,96],[16,104],[39,86],[54,117],[-52,53],[-29,47],[-1,41],[-19,34],[-24,18],[340,283],[10,18],[34,195],[-4,19],[-36,45],[-155,217],[-61,68],[-33,-7],[-25,16],[-34,51],[-41,6],[-19,15],[-51,65],[-4,38],[-23,13],[39,-2],[47,28],[18,27],[35,27],[39,15],[59,46],[46,2],[103,-27],[17,9],[14,33],[61,-11],[32,59],[15,12],[52,-4],[18,-13],[44,27],[102,-18],[36,6],[42,40],[5,-14],[39,-69],[-6,-53],[79,-37],[14,-98],[-3,-36],[-22,-116],[22,-29],[71,-35],[199,-192],[55,-253],[32,-163],[325,-145],[5,-11],[48,-490],[0,-13]]],"transform":{"scale":[0.00005164395528227958,0.00004307662241889857],"translate":[151.1128466315204,-34.01112843899416]},"objects":{"nswpol-maps-2013-p100-alldistricts":{"type":"GeometryCollection","geometries":[{"arcs":[[0]],"type":"Polygon","properties":{"ID":82,"Name":"Rockdale","Electors":51402,"ProjectedPopulation":52084,"Members":1,"ElectorDeviation":-0.428684,"ProjectedDeviation":-1.29928}}]}}}