{"type":"Topology","arcs":[[[486,359],[-141,-88],[-68,-65],[-13,-44],[37,-22],[-66,-68],[-93,-72],[-27,44],[52,29],[-80,27],[24,41],[-1,54],[-38,27],[-72,198],[5,11],[30,-39],[79,-20],[23,-32],[41,-16],[74,6],[-8,53],[99,39],[100,-23],[43,-40]]],"transform":{"scale":[0.0004068998838255826,0.0003376792375361507],"translate":[151.6806728126967,-32.96273859933055]},"objects":{"nswpol-maps-2013-p100-alldistricts":{"type":"GeometryCollection","geometries":[{"arcs":[[0]],"type":"Polygon","properties":{"ID":29,"Name":"Newcastle","Electors":52097,"ProjectedPopulation":52677,"Members":1,"ElectorDeviation":0.917607,"ProjectedDeviation":-0.175525}}]}}}