{"type":"Topology","arcs":[[[417,187],[-50,6],[-10,-75],[-44,-33],[-54,-85],[-48,41],[4,54],[-46,12],[26,67],[-50,4],[-79,31],[-36,43],[-30,77],[12,102],[100,-15],[62,2],[-28,104],[29,4],[88,-30],[57,60],[36,-16],[35,-94],[40,-7],[70,39],[-60,-104],[8,-29],[-21,-66],[24,-51],[-35,-41]]],"transform":{"scale":[0.0004071005389285899,0.0003382059543706663],"translate":[150.74580357490632,-34.4477592483476]},"objects":{"nswpol-maps-2013-p100-alldistricts":{"type":"GeometryCollection","geometries":[{"arcs":[[0]],"type":"Polygon","properties":{"ID":38,"Name":"Keira","Electors":54325,"ProjectedPopulation":54601,"Members":1,"ElectorDeviation":5.23349,"ProjectedDeviation":3.47051}}]}}}