{"type":"Topology","arcs":[[[304,0],[-95,29],[-36,-1],[-92,17],[9,32],[-37,134],[-42,44],[-11,84],[7,58],[100,30],[-22,93],[110,28],[-6,-44],[84,20],[21,31],[-8,38],[7,52],[23,19],[8,37],[40,39],[53,12],[41,-8],[59,15],[30,-14],[14,-58],[54,-66],[62,-1],[10,-27],[28,-6],[-7,-44],[-90,-105],[109,-101],[-63,-65],[-91,-104],[-15,11],[-46,-52],[-18,14],[-43,-51],[-72,-12],[-75,-78]]],"transform":{"scale":[0.00009835035539889699,0.00008195361152865418],"translate":[151.06499965817332,-33.82348305081306]},"objects":{"nswpol-maps-2013-p100-alldistricts":{"type":"GeometryCollection","geometries":[{"arcs":[[0]],"type":"Polygon","properties":{"ID":65,"Name":"Ryde","Electors":52589,"ProjectedPopulation":53384,"Members":1,"ElectorDeviation":1.87066,"ProjectedDeviation":1.16426}}]}}}