{"type":"Topology","arcs":[[[227,39],[-70,-39],[-40,7],[-35,94],[-36,16],[51,84],[-18,53],[-37,40],[-42,21],[5,34],[35,-20],[63,-4],[19,74],[17,15],[30,124],[25,66],[-5,106],[16,57],[44,-6],[25,-34],[47,-17],[17,33],[46,15],[18,48],[-54,11],[-16,25],[51,55],[65,-28],[48,-69],[28,-20],[-16,-38],[20,-44],[39,-12],[16,33],[35,-57],[62,7],[44,-14],[26,15],[19,-47],[-52,-81],[-23,-6],[-28,-57],[-38,-20],[-78,-67],[-23,-5],[-66,-53],[-168,-176],[-7,-35],[-59,-84]]],"transform":{"scale":[0.0004069123339099987,0.0003381439749956894],"translate":[150.8574760512579,-34.29932158156598]},"objects":{"nswpol-maps-2013-p100-alldistricts":{"type":"GeometryCollection","geometries":[{"arcs":[[0]],"type":"Polygon","properties":{"ID":4,"Name":"Heathcote","Electors":54294,"ProjectedPopulation":54220,"Members":1,"ElectorDeviation":5.17344,"ProjectedDeviation":2.74851}}]}}}