{"type":"Topology","arcs":[[[1784,585],[-40,-122],[-4,-56],[-30,-18],[0,-34],[-20,-11],[36,-36],[-39,-220],[-74,-53],[-76,-35],[-19,1],[-88,43],[-9,-10],[-319,55],[-47,60],[14,11],[1,60],[-81,-1],[-13,-3],[-17,109],[0,47],[-15,50],[-26,33],[-124,78],[-136,-78],[-20,31],[22,20],[34,63],[-7,36],[-41,-4],[-67,-26],[-32,-21],[-75,14],[-35,20],[-395,71],[-42,52],[27,25],[73,17],[28,-12],[36,16],[28,-36],[46,8],[41,-3],[17,36],[-27,45],[-15,107],[23,9],[34,-8],[44,13],[79,-10],[34,26],[29,8],[41,-12],[19,36],[124,49],[29,8],[312,116],[9,-19],[63,-35],[11,-21],[32,-9],[23,-26],[49,-6],[37,-19],[35,-32],[48,-23],[48,1],[36,-47],[36,15],[26,-4],[94,-73],[56,23],[93,17],[21,-69],[8,-49],[-26,-85],[1,-45],[16,-46],[46,-12]]],"transform":{"scale":[0.00005162997782736464,0.000043068506688248306],"translate":[151.14378912260705,-33.831539036042756]},"objects":{"nswpol-maps-2013-p100-alldistricts":{"type":"GeometryCollection","geometries":[{"arcs":[[0]],"type":"Polygon","properties":{"ID":71,"Name":"Willoughby","Electors":51443,"ProjectedPopulation":52431,"Members":1,"ElectorDeviation":-0.349263,"ProjectedDeviation":-0.641702}}]}}}