{"type":"Topology","arcs":[[[967,818],[-14,-45],[-37,-61],[-1,-120],[27,1],[-6,-72],[-11,-55],[-36,-46],[-73,-39],[-12,-17],[-56,27],[-35,-54],[-8,-42],[52,-93],[38,-118],[-22,-23],[-31,3],[-49,-16],[-66,2],[-27,-36],[-103,-8],[-71,-6],[-34,11],[-349,231],[-43,52],[33,53],[33,125],[48,12],[72,-12],[5,30],[78,-8],[-3,60],[15,61],[39,13],[18,28],[65,-7],[54,39],[37,-1],[69,31],[39,69],[35,-7],[99,1],[41,12],[62,41],[92,-17],[36,1]]],"transform":{"scale":[0.00009831903971948262,0.00008198363003881232],"translate":[150.99047916511216,-33.88820318729707]},"objects":{"nswpol-maps-2013-p100-alldistricts":{"type":"GeometryCollection","geometries":[{"arcs":[[0]],"type":"Polygon","properties":{"ID":74,"Name":"Auburn","Electors":50047,"ProjectedPopulation":52397,"Members":1,"ElectorDeviation":-3.05347,"ProjectedDeviation":-0.706133}}]}}}