{"type":"Topology","arcs":[[[104,0],[-10,36],[-69,9],[-7,65],[-18,91],[11,31],[39,9],[17,30],[43,0],[8,-24],[58,-9],[-11,-46],[22,-23],[-20,-36],[-23,-90],[-40,-43]]],"transform":{"scale":[0.00040641349830869764,0.00033743664395530736],"translate":[151.1897792187346,-34.01629184381966]},"objects":{"nswpol-maps-2013-p100-alldistricts":{"type":"GeometryCollection","geometries":[{"arcs":[[0]],"type":"Polygon","properties":{"ID":87,"Name":"Maroubra","Electors":50270,"ProjectedPopulation":52062,"Members":1,"ElectorDeviation":-2.62149,"ProjectedDeviation":-1.34097}}]}}}