{"type":"Topology","arcs":[[[3705,1315],[-28,-86],[-115,-125],[-142,-62],[-164,-162],[-39,-88],[-121,-78],[-132,-91],[-112,-98],[-84,-93],[-136,-123],[-243,-90],[-35,-39],[-21,-7],[-149,-78],[-27,-35],[-17,-10],[-39,-3],[-79,11],[-27,0],[-23,-13],[-55,1],[-74,-18],[-54,-28],[-114,95],[-51,27],[-143,25],[-106,12],[-127,36],[-33,6],[-148,18],[-123,21],[-56,15],[-119,11],[-86,23],[-44,17],[-91,28],[-99,383],[19,7],[-33,126],[-61,-16],[-11,6],[-102,-26],[-35,149],[-29,184],[-10,185],[-29,5],[-61,-36],[-14,2],[19,266],[-24,11],[-30,-16],[-44,2],[6,176],[-10,75],[7,195],[139,225],[32,96],[16,74],[103,-30],[133,-34],[74,-23],[44,-22],[57,-64],[40,-62],[17,-35],[41,-110],[56,-102],[33,-34],[22,-7],[80,2],[24,-6],[28,-19],[36,-39],[12,-24],[20,-82],[14,-17],[40,-5],[50,7],[74,-2],[48,-19],[41,-51],[16,-13],[136,-31],[67,-25],[46,-32],[41,-38],[16,-22],[20,-60],[25,-15],[102,28],[134,20],[31,-5],[18,-22],[39,-82],[39,-56],[29,-27],[35,-8],[22,8],[68,38],[82,39],[42,28],[61,55],[45,22],[98,20],[41,14],[187,77],[49,-1],[31,-9],[37,-34],[29,-51],[58,-89],[33,-37],[23,-16],[52,-26],[55,-17],[57,-7],[58,1],[90,16],[62,21],[65,35],[22,6],[53,-1],[82,-14],[128,-4]]],"transform":{"scale":[0.000026444775020150927,0.00002207219010426552],"translate":[151.08039006706457,-33.87423693668376]},"objects":{"nswpol-maps-2013-p100-alldistricts":{"type":"GeometryCollection","geometries":[{"arcs":[[0]],"type":"Polygon","properties":{"ID":89,"Name":"Drummoyne","Electors":49228,"ProjectedPopulation":51600,"Members":1,"ElectorDeviation":-4.63996,"ProjectedDeviation":-2.21647}}]}}}