{"type":"Topology","arcs":[[[628,368],[-95,-112],[-118,-165],[-38,-61],[-58,-3],[-59,-27],[-117,98],[-31,45],[21,108],[-38,44],[-11,71],[66,85],[13,35],[-25,47],[-6,70],[45,35],[23,-21],[32,26],[34,2],[21,30],[-12,29],[14,47],[-100,11],[3,147],[39,1],[-29,172],[1,47],[-97,15],[19,70],[-20,37],[-52,27],[-31,32],[-22,52],[95,109],[10,93],[78,-11],[9,19],[187,-22],[5,33],[111,-6],[52,-28],[0,-151],[20,-110],[24,-88],[64,-105],[81,-56],[-30,-85],[-10,-55],[13,-27],[-57,-205],[1,-75],[25,-26],[-2,-102],[-48,-96]]],"transform":{"scale":[0.00040724460399573246,0.0003382630249243191],"translate":[153.33016834880632,-29.000966252082975]},"objects":{"nswpol-maps-2013-p100-alldistricts":{"type":"GeometryCollection","geometries":[{"arcs":[[0]],"type":"Polygon","properties":{"ID":3,"Name":"Ballina","Electors":51488,"ProjectedPopulation":52680,"Members":1,"ElectorDeviation":-0.262093,"ProjectedDeviation":-0.169839}}]}}}