{"type":"Topology","arcs":[[[2310,1546],[-22,-57],[-44,-35],[-19,-25],[-23,-84],[-37,-67],[-92,-14],[-57,1],[-70,-7],[-47,-14],[5,-335],[64,-61],[18,-34],[53,14],[39,-9],[-25,-110],[-16,-41],[-47,-37],[-107,-45],[-25,-19],[-30,-43],[-128,-119],[-49,-38],[-69,-39],[-145,-64],[-145,-34],[-94,-33],[-90,-76],[-155,-120],[-47,106],[-50,-25],[-50,-6],[-40,-18],[-57,0],[-17,25],[-35,-17],[-17,17],[-45,11],[-32,-14],[-3,-27],[-53,-24],[-37,-29],[-96,16],[8,153],[8,36],[29,48],[21,80],[28,65],[18,77],[22,26],[-9,53],[-72,55],[15,24],[-2,45],[20,42],[-11,42],[44,18],[42,99],[8,-1],[92,59],[4,45],[21,46],[-9,21],[-78,-13],[-20,-27],[-28,14],[10,24],[-41,24],[-6,21],[-37,4],[-7,19],[-50,19],[-62,11],[-175,54],[-46,6],[-88,1],[-5,25],[-4,128],[-14,61],[12,86],[38,236],[-7,3],[8,-3],[28,173],[-6,29],[38,-11],[26,104],[8,60],[-4,42],[-22,67],[-23,39],[-41,41],[154,110],[17,15],[36,-17],[-15,-40],[4,-42],[21,-35],[13,-56],[26,-19],[7,-41],[26,-12],[7,-43],[66,-31],[66,10],[75,-18],[77,-90],[43,-10],[44,-37],[50,-9],[16,67],[37,36],[6,31],[122,-21],[-19,-81],[73,-13],[78,-4],[241,-43],[0,-33],[20,-8],[28,-41],[49,-23],[36,-28],[12,22],[48,14],[27,-6],[268,215],[83,-16],[42,46],[16,-58],[15,-170],[17,-62],[49,-81],[29,-25],[49,-26],[118,-28],[78,-39]]],"transform":{"scale":[0.0000516442463161354,0.000043077546713461186],"translate":[150.85065784907346,-33.87270566136113]},"objects":{"nswpol-maps-2013-p100-alldistricts":{"type":"GeometryCollection","geometries":[{"arcs":[[0]],"type":"Polygon","properties":{"ID":52,"Name":"Prospect","Electors":52193,"ProjectedPopulation":53035,"Members":1,"ElectorDeviation":1.10357,"ProjectedDeviation":0.502896}}]}}}