{"type":"Topology","arcs":[[[508,53],[-18,12],[-86,-10],[-29,-10],[-48,19],[-31,27],[-55,-29],[-64,-62],[-56,51],[-20,42],[-22,74],[0,44],[16,70],[-6,36],[-38,118],[-51,93],[8,42],[35,54],[55,-27],[13,17],[72,39],[37,46],[11,55],[28,8],[2,-50],[18,-90],[47,10],[4,-35],[26,-104],[60,-18],[120,-17],[110,-22],[44,-33],[21,-32],[-75,-49],[-52,-98],[-3,-55],[-39,-9],[-11,-109],[-23,2]]],"transform":{"scale":[0.00009837146248570691,0.0000819506630115578],"translate":[151.0598368004841,-33.90728628902071]},"objects":{"nswpol-maps-2013-p100-alldistricts":{"type":"GeometryCollection","geometries":[{"arcs":[[0]],"type":"Polygon","properties":{"ID":85,"Name":"Strathfield","Electors":50885,"ProjectedPopulation":52496,"Members":1,"ElectorDeviation":-1.43017,"ProjectedDeviation":-0.518525}}]}}}