{"type":"Topology","arcs":[[[1531,1258],[-118,18],[-9,-17],[-73,-14],[-36,1],[-103,17],[-41,-80],[-82,-139],[-12,-15],[-50,-24],[-85,-1],[-68,-11],[-96,-38],[-31,-34],[-13,-63],[-23,-31],[-57,-21],[35,-93],[42,-74],[43,-48],[-24,-32],[6,-24],[-24,-31],[75,-349],[18,-155],[-325,145],[-32,164],[-55,252],[-199,193],[-71,34],[-22,29],[22,117],[3,36],[-15,97],[-78,37],[6,54],[-39,68],[21,45],[16,70],[46,56],[297,232],[115,43],[37,23],[23,31],[29,112],[14,16],[60,27],[41,10],[76,2],[74,23],[142,-8],[2,20],[127,-21],[47,-14],[44,266],[139,-35],[57,-34],[43,-16],[67,4],[67,-25],[62,19],[7,-1],[24,-9],[-20,-96],[2,-51],[27,-25],[-17,-115],[-48,-6],[-71,-45],[-61,-1],[-24,-33],[43,-30],[50,-80],[-21,-120],[34,-6],[-22,-95],[-18,-101]]],"transform":{"scale":[0.00005164337528601545,0.000043080520647848627],"translate":[151.15540540663625,-33.97918142247105]},"objects":{"nswpol-maps-2013-p100-alldistricts":{"type":"GeometryCollection","geometries":[{"arcs":[[0]],"type":"Polygon","properties":{"ID":92,"Name":"Heffron","Electors":49601,"ProjectedPopulation":51537,"Members":1,"ElectorDeviation":-3.91742,"ProjectedDeviation":-2.33586}}]}}}