{"type":"Topology","arcs":[[[2961,2487],[-46,-183],[151,-572],[-192,-327],[-463,31],[52,-411],[-396,-257],[-60,-183],[-32,-22],[34,-89],[6,-62],[-34,-56],[13,-79],[-41,-22],[-24,5],[-58,-29],[-11,-61],[-23,-65],[-94,22],[-126,68],[-26,-28],[-36,5],[-25,-15],[-73,4],[-62,-44],[-44,-8],[-32,-71],[-62,-38],[-79,20],[-42,2],[15,94],[-61,-25],[-33,-55],[-40,7],[17,62],[-149,26],[-6,-37],[-71,12],[15,58],[-13,23],[-127,21],[20,121],[30,-5],[6,32],[-48,8],[-17,34],[-77,4],[61,33],[13,22],[-45,80],[-7,82],[-46,38],[-6,72],[-42,39],[7,130],[-28,29],[3,47],[-12,46],[20,45],[-18,29],[20,52],[-31,54],[-3,55],[-49,35],[-18,32],[-93,6],[-28,39],[-39,8],[-7,30],[16,56],[-36,45],[-85,51],[-69,23],[-61,52],[-14,82],[36,81],[-1,47],[19,57],[39,39],[145,14],[83,-5],[27,-18],[63,67],[49,81],[3,44],[18,31],[42,6],[26,62],[4,80],[-15,28],[-1,39],[20,29],[87,-31],[44,33],[21,49],[53,1],[33,-14],[88,15],[13,28],[40,37],[89,47],[62,-4],[37,11],[35,-18],[50,57],[65,112],[-5,34],[29,47],[32,25],[7,45],[98,-4],[53,14],[57,-36],[57,-48],[42,59],[39,38],[64,12],[86,-47],[56,31],[13,66],[17,30],[-6,48],[-23,35],[5,55],[-18,43],[-10,79],[14,25],[-27,41],[29,22],[4,45],[-14,41],[8,61],[37,53],[41,41],[72,100],[55,-85],[35,-111],[44,-56],[2,-53],[55,-5],[43,-27],[24,-30],[39,5],[32,20],[15,31],[43,41],[24,-40],[-18,-20],[3,-33],[56,-39],[60,-22],[25,30],[33,6],[26,-29],[67,-4],[58,97],[65,-46],[56,4],[33,-28],[63,2],[12,22],[72,15],[10,34],[30,-17],[68,-98],[96,-10],[77,22],[23,-25],[10,-40],[24,-21],[-22,-44],[43,-30],[45,-61],[-5,-46],[-77,-38],[-22,-28],[-69,-32],[-57,-9],[-22,15],[-34,-5],[-49,-39],[-6,-21],[39,-23],[23,-32],[-34,-23],[-122,-16],[-61,-245]]],"transform":{"scale":[0.00009839864999481919,0.0000820224817248682],"translate":[151.3314225974181,-33.202835619009704]},"objects":{"nswpol-maps-2013-p100-alldistricts":{"type":"GeometryCollection","geometries":[{"arcs":[[0]],"type":"Polygon","properties":{"ID":95,"Name":"Lake Macquarie","Electors":51811,"ProjectedPopulation":52508,"Members":1,"ElectorDeviation":0.363593,"ProjectedDeviation":-0.495785}}]}}}