{"type":"Topology","arcs":[[[889,1162],[-30,-41],[-2,-28],[-25,-25],[-30,-56],[3,-20],[-30,-32],[-14,-35],[2,-86],[-38,-45],[-21,-56],[2,-50],[-12,-40],[67,-31],[-19,-35],[-54,-182],[41,-27],[140,-214],[-35,-19],[-15,17],[-78,-29],[-43,-31],[-42,-97],[-60,53],[5,50],[-38,-5],[-28,6],[-10,28],[-62,1],[-55,65],[-14,58],[-30,14],[-59,-15],[-41,8],[-8,56],[-51,49],[-16,58],[-52,9],[-27,39],[14,45],[-19,30],[0,62],[-58,15],[-47,26],[56,73],[43,24],[65,9],[34,37],[4,34],[-28,78],[20,45],[183,-36],[10,96],[25,56],[9,43],[24,42],[54,-8],[59,55],[32,84],[38,3],[54,42],[15,54],[30,8],[25,60],[38,9],[33,50],[60,-60],[20,-40],[-17,-54],[17,-48],[31,-17],[-61,-104],[16,-25]]],"transform":{"scale":[0.00009835107270253977,0.00008201135727364769],"translate":[151.08000116919476,-33.78344913953751]},"objects":{"nswpol-maps-2013-p100-alldistricts":{"type":"GeometryCollection","geometries":[{"arcs":[[0]],"type":"Polygon","properties":{"ID":62,"Name":"Ku-ring-gai","Electors":51181,"ProjectedPopulation":52562,"Members":1,"ElectorDeviation":-0.856786,"ProjectedDeviation":-0.393453}}]}}}