{"type":"Topology","arcs":[[[1615,0],[-71,0],[-23,68],[-32,28],[-36,7],[-26,21],[-37,63],[-4,27],[18,43],[31,23],[68,16],[11,50],[29,90],[-1,23],[18,104],[27,85],[11,70],[-18,135],[12,59],[35,-12],[84,-2],[51,27],[38,-9],[52,25],[7,41],[-12,103],[-50,-2],[-93,-31],[-47,11],[-60,-4],[-55,16],[-95,47],[-28,25],[-52,26],[-45,-14],[-25,11],[17,35],[-22,32],[-34,16],[-61,-6],[-60,2],[-5,13],[-46,-4],[-50,-21],[-63,-41],[-36,-14],[-46,-33],[-39,8],[-44,33],[-22,-27],[-16,-50],[5,-37],[24,-62],[36,-38],[50,-33],[20,-58],[-48,-12],[-144,62],[-36,35],[-5,81],[18,62],[-7,56],[-40,80],[27,51],[-24,42],[-110,-10],[-45,6],[-23,-11],[-35,28],[-36,9],[-37,48],[-24,-6],[3,-38],[-58,-23],[14,45],[76,76],[73,36],[88,78],[147,38],[140,55],[3,13],[-68,48],[-44,2],[-53,35],[-50,18],[-84,-8],[-37,-11],[-26,4],[-122,86],[-24,43],[-63,36],[-24,55],[-39,30],[-55,21],[-54,76],[-2,41],[-49,53],[-28,3],[67,194],[31,97],[101,72],[52,66],[21,100],[109,114],[73,78],[42,-15],[38,11],[75,4],[-9,-45],[217,-44],[4,-4],[-33,-168],[42,-7],[-44,-245],[30,-22],[64,-24],[17,-58],[28,-36],[49,-43],[19,-53],[53,-47],[116,-42],[45,50],[32,57],[23,74],[57,41],[28,50],[99,105],[22,51],[-2,33],[22,69],[107,137],[33,24],[57,26],[47,34],[40,42],[48,28],[92,77],[22,30],[-8,44],[20,115],[32,211],[37,220],[28,52],[45,17],[60,-18],[38,7],[38,-38],[46,11],[7,26],[56,-46],[74,-21],[2,-39],[18,-37],[-56,-15],[-40,-43],[-86,-141],[-55,-126],[-34,-113],[-9,-77],[10,-13],[-2,-71],[-9,-59],[4,-64],[17,-31],[74,-10],[8,-18],[64,-31],[0,-35],[-24,-15],[-42,-3],[-35,-72],[-47,-110],[-18,-77],[-15,-107],[-24,-104],[-2,-50],[11,-121],[1,-56],[12,-150],[14,-52],[27,-11],[84,-10],[124,-46],[-1,-151],[-11,-80],[22,-17],[20,-43],[-34,-40],[-3,-41],[40,-108],[56,-20],[-37,-27],[-1,-21],[20,-56],[25,-30],[44,6],[13,-34],[-31,-31],[-51,24],[-88,-5],[-54,22],[-23,1],[-45,-26],[-66,-49],[-164,-156],[-54,-67],[-55,-61],[-66,-93],[-71,-132],[-83,-178],[-39,-125],[-27,-164]],[[2799,1054],[-18,-24],[-42,26],[-27,44],[-75,-43],[-13,10],[12,80],[29,11],[21,-18],[7,-29],[39,10],[48,-61],[19,-6]],[[2706,1894],[-32,-7],[-3,60],[35,-53]]],"transform":{"scale":[0.000051638212588783677,0.00004307956740458437],"translate":[150.79118864278234,-34.538318534477604]},"objects":{"nswpol-maps-2013-p100-alldistricts":{"type":"GeometryCollection","geometries":[{"arcs":[[[0]],[[1]],[[2]]],"type":"MultiPolygon","properties":{"ID":37,"Name":"Wollongong","Electors":54874,"ProjectedPopulation":55116,"Members":1,"ElectorDeviation":6.29696,"ProjectedDeviation":4.44645}}]}}}