{"type":"Topology","arcs":[[[375,439],[-39,-32],[-62,-83],[6,-29],[-25,-52],[20,-76],[-47,-27],[-10,-57],[-44,-28],[-39,13],[-96,-47],[-8,-21],[-19,30],[38,70],[-43,60],[-7,55],[74,102],[-4,50],[19,15],[23,-6],[89,109],[88,-12],[23,-45],[63,11]]],"transform":{"scale":[0.0004063637333904353,0.00033792415587739825],"translate":[151.33247182740607,-33.54715153904563]},"objects":{"nswpol-maps-2013-p100-alldistricts":{"type":"GeometryCollection","geometries":[{"arcs":[[0]],"type":"Polygon","properties":{"ID":42,"Name":"Terrigal","Electors":53093,"ProjectedPopulation":53672,"Members":1,"ElectorDeviation":2.84697,"ProjectedDeviation":1.71003}}]}}}