{"type":"Topology","arcs":[[[1140,72],[-129,21],[-8,-93],[-45,9],[-57,-6],[-37,25],[-42,-2],[-61,15],[-102,-4],[-10,-32],[-27,3],[8,25],[22,129],[-392,64],[54,326],[-185,31],[35,195],[8,3],[35,184],[-67,11],[26,168],[15,66],[-43,65],[-30,63],[-24,29],[-84,58],[47,65],[118,0],[139,88],[54,2],[40,10],[11,93],[21,133],[-6,18],[-46,30],[-6,70],[1,28],[40,189],[-46,17],[5,9],[46,11],[56,-2],[180,-45],[81,0],[72,19],[3,-12],[35,-15],[-4,-14],[70,-73],[16,-6],[197,-31],[377,-69],[56,-25],[24,2],[13,16],[58,-46],[-15,-8],[6,-31],[19,-23],[34,-21],[14,-18],[-4,-23],[-30,-23],[-18,-2],[-89,9],[-18,-8],[-2,-26],[-32,-8],[-36,-22],[-5,-68],[-30,-7],[-24,-33],[-10,-31],[9,-42],[43,-41],[-4,-11],[17,-42],[-13,-53],[5,-49],[-4,-39],[11,-6],[37,-101],[-1,-22],[21,-21],[-8,-48],[-18,-16],[-33,-12],[-31,2],[-60,26],[-29,29],[-12,-16],[51,-37],[13,-19],[-21,-35],[-27,-17],[-47,11],[-44,32],[-69,26],[-44,1],[-15,-22],[6,-13],[58,-80],[-7,-34],[-54,-24],[-20,-37],[3,-30],[-44,17],[-45,-32],[-26,-55],[-6,-52],[19,-16],[44,-127],[20,-4],[25,-21],[33,-41],[-2,-23],[-44,-32],[-10,-20],[-2,-60],[13,-65],[44,-43],[19,-52],[-2,-58],[-15,-21],[-6,-27]]],"transform":{"scale":[0.000026441212954554754,0.0000220758553661109],"translate":[151.23107858599943,-33.93783159447002]},"objects":{"nswpol-maps-2013-p100-alldistricts":{"type":"GeometryCollection","geometries":[{"arcs":[[0]],"type":"Polygon","properties":{"ID":88,"Name":"Coogee","Electors":51336,"ProjectedPopulation":52331,"Members":1,"ElectorDeviation":-0.556534,"ProjectedDeviation":-0.831205}}]}}}