{"type":"Topology","arcs":[[[844,185],[-62,-40],[-41,-13],[-99,-1],[-35,8],[-39,-70],[-69,-30],[-37,1],[-54,-40],[-34,61],[-14,7],[-61,-11],[-36,30],[-37,13],[-75,0],[-59,-13],[-49,10],[22,103],[-65,93],[8,17],[58,87],[4,53],[25,22],[20,77],[-11,65],[44,-17],[49,48],[-15,48],[40,1],[48,36],[67,0],[13,-72],[58,33],[65,-12],[39,17],[42,46],[-11,75],[42,18],[36,-51],[13,-109],[54,-42],[12,-29],[48,-61],[22,-5],[-7,-59],[11,-84],[42,-43],[37,-134],[-9,-33]]],"transform":{"scale":[0.0000983260074411054,0.00008198269717430965],"translate":[150.989992103066,-33.83501411653543]},"objects":{"nswpol-maps-2013-p100-alldistricts":{"type":"GeometryCollection","geometries":[{"arcs":[[0]],"type":"Polygon","properties":{"ID":73,"Name":"Parramatta","Electors":52395,"ProjectedPopulation":53358,"Members":1,"ElectorDeviation":1.49487,"ProjectedDeviation":1.11499}}]}}}