{"type":"Topology","arcs":[[[195,161],[-43,0],[-17,-29],[-39,-10],[-11,-30],[18,-92],[-42,19],[-10,53],[-38,33],[-13,52],[49,51],[27,29],[73,6],[6,33],[55,-11],[1,0],[-21,-44],[5,-60]]],"transform":{"scale":[0.000406128509638258,0.0003371568243255895],"translate":[151.15526932152875,-33.97926292477435]},"objects":{"nswpol-maps-2013-p100-alldistricts":{"type":"GeometryCollection","geometries":[{"arcs":[[0]],"type":"Polygon","properties":{"ID":92,"Name":"Heffron","Electors":49601,"ProjectedPopulation":51537,"Members":1,"ElectorDeviation":-3.91742,"ProjectedDeviation":-2.33586}}]}}}