{"type":"Topology","arcs":[[[3593,3041],[-16,-74],[-32,-96],[-139,-225],[-7,-195],[10,-75],[-6,-176],[44,-2],[30,16],[24,-11],[-19,-266],[-5,-56],[-18,-87],[-19,-64],[-53,-85],[-45,-51],[-38,-32],[-87,-49],[-104,-44],[-44,-23],[-35,-28],[-46,-65],[-133,63],[-75,38],[-100,-145],[-28,-56],[-5,-28],[9,-40],[39,-41],[28,-12],[123,-31],[-3,-6],[-73,7],[-61,1],[-88,-4],[-42,-7],[-67,-18],[8,-18],[146,-71],[46,-81],[100,-151],[42,-82],[33,-96],[68,-261],[-11,-43],[-38,-35],[-32,-7],[-73,11],[-43,2],[-79,-15],[-2,-12],[-93,-5],[-10,-31],[-96,0],[-2,4],[-144,2],[-112,-72],[11,-62],[-373,-27],[-9,0],[-62,-3],[-205,-21],[-56,8],[-67,34],[-243,160],[-813,539],[-108,67],[-137,93],[-56,56],[-102,137],[34,43],[48,76],[40,77],[18,80],[48,146],[59,239],[160,-27],[13,74],[273,-46],[18,112],[124,-22],[3,15],[164,-25],[-21,32],[-8,33],[10,88],[-3,43],[7,25],[35,77],[7,40],[4,68],[13,43],[57,53],[34,4],[52,-8],[36,37],[6,46],[25,20],[43,-3],[22,-13],[35,-8],[49,2],[53,-17],[36,3],[5,12],[23,3],[78,60],[41,24],[35,43],[21,17],[40,0],[46,-17],[54,12],[36,22],[60,46],[128,29],[30,17],[50,88],[17,49],[38,59],[44,59],[40,-17],[88,-10],[72,-1],[70,3],[84,12],[143,-10],[79,15],[72,33],[63,55],[104,74],[64,21],[63,1],[148,-43],[66,-15],[66,-6],[131,5]]],"transform":{"scale":[0.00002643898331760934,0.00002207111220199049],"translate":[150.99051541178812,-33.88822952424241]},"objects":{"nswpol-maps-2013-p100-alldistricts":{"type":"GeometryCollection","geometries":[{"arcs":[[0]],"type":"Polygon","properties":{"ID":74,"Name":"Auburn","Electors":50047,"ProjectedPopulation":52397,"Members":1,"ElectorDeviation":-3.05347,"ProjectedDeviation":-0.706133}}]}}}