{"type":"Topology","arcs":[[[2971,3447],[-38,-39],[-88,-72],[-12,-42],[-28,-52],[-45,-5],[-100,-48],[-115,-126],[-11,-84],[-60,-25],[-11,-30],[-32,-13],[-49,-49],[-20,-68],[-23,2],[-36,-48],[-25,-20],[-39,-48],[-42,-85],[-21,-57],[-6,-109],[14,-48],[33,-64],[54,-17],[33,25],[37,-11],[-8,-56],[11,-23],[-68,-12],[-17,-49],[-24,-14],[-51,-58],[-27,-21],[-43,-10],[-45,-62],[-47,-99],[-9,-66],[8,-39],[16,-18],[55,2],[28,-41],[6,-27],[4,-84],[32,-40],[10,-32],[-22,-46],[19,-34],[60,-44],[4,-32],[-35,-30],[2,-33],[-18,-36],[-77,-36],[-36,0],[-84,31],[-48,-16],[-66,-63],[-49,-83],[-9,-47],[72,-68],[6,-55],[-16,-29],[-34,-33],[-43,-9],[-28,-22],[5,-23],[-21,-25],[-55,19],[-7,-12],[22,-47],[3,-76],[24,-26],[-11,-40],[-73,-96],[-37,-16],[-53,24],[-34,-10],[-20,-35],[-55,-9],[-9,-65],[-25,-11],[-43,5],[-78,39],[-40,3],[-13,-26],[-37,-9],[33,77],[-25,26],[-59,12],[-28,-29],[-50,1],[-12,-25],[-25,-18],[3,-25],[-23,-25],[3,-46],[-50,-48],[-27,4],[-58,24],[-82,-8],[17,41],[-27,18],[-57,-1],[-113,-40],[-79,-42],[-17,-16],[8,-29],[-20,-18],[-42,-8],[-15,-27],[-51,0],[-53,-44],[-15,-27],[-21,-2],[-42,-89],[6,-44],[-23,-36],[-23,62],[-34,29],[13,53],[-12,37],[-40,1],[-18,11],[-14,35],[-30,3],[19,69],[-1,31],[14,21],[36,18],[0,52],[-23,71],[-17,29],[-55,50],[-28,2],[15,41],[38,50],[48,24],[29,-3],[63,-36],[68,-18],[52,18],[46,74],[-8,60],[-24,39],[-98,121],[-72,99],[-80,136],[-33,32],[-32,43],[4,49],[66,143],[20,61],[-5,31],[-26,34],[-52,45],[-58,71],[-17,49],[8,81],[119,10],[475,658],[-62,46],[83,22],[-89,130],[-2,20],[19,117],[-62,10],[-17,19],[35,25],[57,1],[54,38],[42,67],[55,14],[31,-13],[72,2],[76,-31],[70,80],[16,54],[26,29],[61,45],[6,42],[18,29],[48,46],[51,34],[34,37],[65,85],[102,89],[9,51],[42,21],[49,70],[1,57],[9,33],[38,30],[64,21],[62,-17],[42,5],[42,-16],[40,8],[14,20],[23,-11],[34,23],[59,-13],[55,-30],[38,-2],[17,-45],[26,-20],[7,-43],[26,-11],[46,24],[37,48],[11,33],[33,52],[8,-33],[71,-71],[37,-83],[11,-49],[-13,-74],[82,-13],[-12,-91],[75,-39],[40,8],[17,75],[43,-21],[100,-14],[23,4],[100,-15],[13,81],[161,-29]]],"transform":{"scale":[0.000051641692447635176,0.00004308406853535858],"translate":[151.33155144808805,-33.54718914803635]},"objects":{"nswpol-maps-2013-p100-alldistricts":{"type":"GeometryCollection","geometries":[{"arcs":[[0]],"type":"Polygon","properties":{"ID":42,"Name":"Terrigal","Electors":53093,"ProjectedPopulation":53672,"Members":1,"ElectorDeviation":2.84697,"ProjectedDeviation":1.71003}}]}}}