{"type":"Topology","arcs":[[[445,0],[-23,72],[5,24],[-19,51],[-56,33],[-16,-3],[-218,4],[-28,271],[-10,81],[-39,183],[22,46],[-44,64],[-19,48],[30,11],[35,68],[51,20],[80,6],[27,13],[70,123],[73,-10],[43,17],[62,-10],[50,-8],[-15,-88],[106,-17],[-6,-34],[100,-9],[36,18],[-4,-28],[50,-35],[-40,-44],[-35,-11],[-13,-69],[88,-94],[-28,-23],[20,-24],[7,-66],[-61,14],[-31,31],[-49,-1],[59,-80],[15,-42],[-10,-25],[-69,-22],[22,-20],[7,-34],[-21,-39],[11,-59],[-50,-127],[-165,-176]]],"transform":{"scale":[0.00009840136769960547,0.00008200081257968326],"translate":[151.18812894344038,-34.01618177587775]},"objects":{"nswpol-maps-2013-p100-alldistricts":{"type":"GeometryCollection","geometries":[{"arcs":[[0]],"type":"Polygon","properties":{"ID":87,"Name":"Maroubra","Electors":50270,"ProjectedPopulation":52062,"Members":1,"ElectorDeviation":-2.62149,"ProjectedDeviation":-1.34097}}]}}}