{"type":"Topology","arcs":[[[180,68],[-6,-33],[-72,-6],[-28,-29],[-52,29],[-22,29],[141,17],[39,-7]]],"transform":{"scale":[0.00040713923669828645,0.0003348702244097505],"translate":[151.1448000268708,-33.909068973888466]},"objects":{"nswpol-maps-2013-p100-alldistricts":{"type":"GeometryCollection","geometries":[{"arcs":[[0]],"type":"Polygon","properties":{"ID":54,"Name":"Newtown","Electors":49193,"ProjectedPopulation":50938,"Members":1,"ElectorDeviation":-4.70776,"ProjectedDeviation":-3.47098}}]}}}