{"type":"Topology","arcs":[[[1263,403],[-298,-233],[-45,-56],[-16,-69],[-21,-45],[-5,14],[2,38],[-43,29],[-46,-5],[-55,42],[-27,-4],[-32,-22],[-72,-9],[-77,34],[-3,38],[37,28],[21,51],[-95,72],[-12,172],[-23,15],[-86,7],[-71,24],[-26,30],[-15,-47],[-116,44],[-34,-3],[-30,-34],[-49,-19],[-26,48],[43,-4],[20,208],[76,19],[5,103],[40,78],[60,107],[20,21],[123,72],[-41,63],[27,15],[79,15],[74,-4],[22,22],[77,40],[29,24],[124,46],[10,-109],[-11,-31],[-98,-202],[-6,-117],[8,-59],[-10,-57],[103,-45],[34,-66],[19,9],[22,-24],[-2,-44],[73,-4],[117,-59],[97,-44],[-18,-40],[75,-62],[51,-1],[21,-10]]],"transform":{"scale":[0.00005164366493974012,0.00004306997988809971],"translate":[151.10981406179596,-33.926350919979136]},"objects":{"nswpol-maps-2013-p100-alldistricts":{"type":"GeometryCollection","geometries":[{"arcs":[[0]],"type":"Polygon","properties":{"ID":93,"Name":"Summer Hill","Electors":51515,"ProjectedPopulation":52760,"Members":1,"ElectorDeviation":-0.209791,"ProjectedDeviation":-0.0182371}}]}}}