{"type":"Topology","arcs":[[[3131,794],[-6,-21],[-23,-13],[-53,-45],[-21,-9],[-48,-2],[-122,22],[-44,11],[-34,1],[-33,-9],[-52,-43],[-36,26],[-62,-2],[-18,13],[-23,-3],[-29,-25],[-34,-75],[-29,-39],[-68,6],[-27,16],[-22,-1],[-27,-67],[-33,-16],[-59,13],[-18,12],[-49,13],[-77,14],[-36,2],[-54,-5],[-27,-11],[-57,-44],[-31,-34],[-74,-29],[-70,-53],[-35,-53],[-44,-24],[-28,-26],[-21,-4],[-59,12],[-16,-7],[-38,29],[-157,-17],[-73,-12],[-48,-15],[-51,-23],[-85,-50],[-101,-40],[-79,-19],[-95,-13],[-111,-10],[-50,2],[-74,8],[-58,0],[-48,-10],[-62,-26],[-128,-65],[-100,-34],[-59,172],[-42,130],[-34,118],[-25,157],[-14,48],[103,25],[448,159],[-42,80],[-42,88],[14,7],[-128,262],[-16,-7],[-113,238],[-64,131],[28,22],[61,50],[35,42],[90,96],[46,44],[94,65],[80,34],[35,6],[17,-39],[78,-52],[18,-8],[55,1],[33,-10],[92,-63],[45,3],[64,36],[35,-1],[46,-14],[46,18],[41,26],[34,8],[84,6],[32,-5],[68,-48],[24,-27],[26,-68],[96,38],[41,29],[16,37],[26,3],[25,-18],[19,21],[56,-40],[9,13],[158,-59],[31,91],[68,-21],[-18,-37],[129,-39],[11,-7],[168,-14],[45,-28],[22,-336],[25,5],[25,-23],[25,-45],[29,-22],[51,-24],[33,-32],[-5,-41],[-36,-58],[-17,-17],[-46,-24],[-11,-13],[-7,-45],[14,-29],[38,-19],[46,-15],[65,-33],[57,0],[84,17],[28,13],[34,32],[30,9],[23,-2],[24,-15],[46,-49],[37,-20],[91,11],[62,-35],[21,-21],[-4,-74]]],"transform":{"scale":[0.000026445422668447183,0.00002206917884507856],"translate":[151.07233962070353,-33.94325234492582]},"objects":{"nswpol-maps-2013-p100-alldistricts":{"type":"GeometryCollection","geometries":[{"arcs":[[0]],"type":"Polygon","properties":{"ID":84,"Name":"Canterbury","Electors":53644,"ProjectedPopulation":54365,"Members":1,"ElectorDeviation":3.91432,"ProjectedDeviation":3.02329}}]}}}