{"type":"Topology","arcs":[[[1697,0],[-32,9],[-27,17],[-63,67],[-33,43],[-28,54],[-51,12],[-37,26],[-39,40],[-12,-51],[-72,117],[-62,94],[-8,19],[-20,100],[-15,45],[-65,93],[-121,161],[-74,105],[-32,38],[-107,153],[-142,196],[-86,115],[-93,139],[-147,211],[-194,270],[-50,62],[-16,27],[-71,182],[101,34],[128,64],[61,26],[48,10],[58,0],[74,-8],[50,-2],[112,10],[95,13],[79,19],[100,40],[85,50],[51,23],[48,15],[74,12],[157,17],[38,-29],[30,-12],[15,-15],[8,-74],[97,-127],[37,-28],[83,-12],[32,-29],[34,-70],[24,-27],[24,-4],[64,12],[16,-9],[50,-71],[54,-52],[98,-139],[205,-283],[69,-91],[9,-36],[-67,-380],[-21,-35],[-201,-169],[-162,-133],[-229,-190],[-72,-59],[49,-36],[19,-22],[18,-44],[2,-80],[56,-94],[102,-102],[-105,-227]]],"transform":{"scale":[0.000026440651172970733,0.000022076882490115523],"translate":[151.07693233436524,-33.9949918655364]},"objects":{"nswpol-maps-2013-p100-alldistricts":{"type":"GeometryCollection","geometries":[{"arcs":[[0]],"type":"Polygon","properties":{"ID":81,"Name":"Kogarah","Electors":52650,"ProjectedPopulation":53315,"Members":1,"ElectorDeviation":1.98883,"ProjectedDeviation":1.0335}}]}}}