{"type":"Topology","arcs":[[[3322,1422],[-12,-65],[-53,-193],[-136,-195],[-140,-167],[-78,-135],[-146,-168],[-122,-119],[-106,-148],[-105,-103],[-21,-58],[-34,-48],[-98,-23],[-97,13],[-26,34],[-26,47],[-28,28],[-106,39],[-53,15],[-102,8],[-120,3],[-76,-2],[-68,-9],[-64,-49],[-7,-17],[-1146,209],[-51,4],[-59,-4],[-80,53],[-33,103],[-10,63],[-19,18],[-4,37],[-14,48],[-62,87],[-20,40],[0,35],[16,41],[25,25],[2,104],[12,25],[49,35],[-10,12],[3,87],[10,41],[51,25],[41,38],[37,21],[5,45],[17,0],[27,21],[27,0],[30,-11],[-2,35],[-36,109],[-13,55],[25,6],[-7,56],[24,4],[137,-2],[-2,-115],[-28,-21],[92,-119],[13,0],[426,-79],[182,-30],[18,19],[71,-36],[103,-45],[37,-4],[91,40],[56,29],[50,45],[95,57],[54,320],[6,9],[17,102],[-71,69],[25,29],[14,-7],[1,68],[58,34],[8,109],[77,239],[104,-7],[137,10],[69,83],[37,65],[62,10],[78,-57],[39,-150],[48,-129],[90,-129],[88,-99],[33,-104],[21,-57],[17,-63],[71,-112],[263,101],[161,-7],[69,-48],[83,-62],[-2,-64],[-9,-47]]],"transform":{"scale":[0.000026442421684289655,0.00002207156209115098],"translate":[151.18662956412408,-33.85682883562654]},"objects":{"nswpol-maps-2013-p100-alldistricts":{"type":"GeometryCollection","geometries":[{"arcs":[[0]],"type":"Polygon","properties":{"ID":70,"Name":"North Shore","Electors":50099,"ProjectedPopulation":51733,"Members":1,"ElectorDeviation":-2.95274,"ProjectedDeviation":-1.96443}}]}}}