{"type":"Topology","arcs":[[[308,234],[-61,-12],[-6,-64],[-55,10],[16,-40],[-43,-26],[-12,-37],[23,-30],[42,-3],[4,-27],[-19,-5],[-68,37],[-99,-29],[-30,25],[51,40],[-42,58],[1,60],[16,68],[31,57],[55,-62],[95,43],[113,-42],[-12,-21]]],"transform":{"scale":[0.00040713923669848383,0.0003372749643367433],"translate":[151.14441227521678,-33.7947623107486]},"objects":{"nswpol-maps-2013-p100-alldistricts":{"type":"GeometryCollection","geometries":[{"arcs":[[0]],"type":"Polygon","properties":{"ID":67,"Name":"Davidson","Electors":52870,"ProjectedPopulation":53534,"Members":1,"ElectorDeviation":2.41499,"ProjectedDeviation":1.44852}}]}}}