{"type":"Topology","arcs":[[[250,0],[-55,17],[-55,46],[-40,-46],[-57,-6],[-43,39],[14,27],[43,24],[35,-4],[11,93],[33,31],[4,70],[46,-2],[48,-33],[66,25],[4,-75],[-19,-50],[7,-67],[36,-6],[-10,-56],[-41,7],[-27,-34]]],"transform":{"scale":[0.00040666636882768787,0.00033748155711396004],"translate":[150.60233546292687,-33.785424583337175]},"objects":{"nswpol-maps-2013-p100-alldistricts":{"type":"GeometryCollection","geometries":[{"arcs":[[0]],"type":"Polygon","properties":{"ID":47,"Name":"Penrith","Electors":51507,"ProjectedPopulation":52745,"Members":1,"ElectorDeviation":-0.225288,"ProjectedDeviation":-0.0466626}}]}}}