{"type":"Topology","arcs":[[[4128,648],[-93,-202],[-30,-42],[-24,-5],[-89,2],[-99,-25],[-28,-4],[-47,7],[-38,-5],[-35,-17],[-101,-84],[-30,-18],[-136,-75],[-67,-32],[-22,-4],[-49,4],[-58,-2],[16,33],[-3,73],[-51,-3],[-1,83],[-36,7],[-16,-24],[-80,-59],[-46,-27],[-34,-2],[-62,22],[-64,33],[-45,16],[-59,13],[-60,0],[-129,24],[-39,-18],[-60,-147],[-27,-29],[-28,-20],[-54,-19],[-58,-60],[-33,1],[-8,-43],[-27,11],[-38,31],[-23,36],[-11,33],[-26,114],[-23,44],[-25,27],[-37,23],[-56,9],[-47,-13],[-102,-61],[-35,-12],[-47,-3],[-358,38],[-254,363],[-7,24],[-21,-8],[-33,11],[-30,34],[-19,1],[-22,28],[63,47],[-65,4],[4,16],[33,14],[79,99],[29,27],[32,53],[64,49],[47,26],[-114,20],[153,982],[-726,133],[-563,103],[99,552],[117,646],[53,334],[25,203],[17,121],[105,629],[220,1235],[41,-7],[149,935],[59,-74],[41,-34],[102,-60],[30,-13],[113,-90],[36,-40],[21,0],[5,35],[224,-38],[58,326],[390,-403],[539,-90],[1300,-210],[-43,-54],[-84,-70],[-119,-75],[-166,-81],[-181,-61],[-148,-63],[-94,-74],[-36,-54],[-4,-20],[-50,1],[-26,-15],[-42,4],[-37,63],[-45,7],[67,-104],[24,-42],[36,-79],[59,-172],[77,-214],[64,-181],[158,-426],[88,-255],[99,-270],[31,-90],[125,-350],[150,-407],[14,-43],[49,-133],[80,-239],[42,-102],[23,-44],[59,-93],[74,-94],[59,-57],[61,-44],[76,-44],[164,-73],[63,-42],[71,-61],[39,-42],[185,-206],[-95,-33],[-23,-117],[-27,-85],[-4,-34],[-23,-113],[-40,-208],[-24,-19],[-75,-44],[-46,-22],[-69,-19],[-36,-4],[-161,-1],[-47,-34],[-48,-17],[112,-153],[22,-9],[-7,-48],[11,-7],[-23,-126],[-8,-61],[33,-59]]],"transform":{"scale":[0.000026445385097696805,0.00002207671161949929],"translate":[151.60675728454558,-32.943300170399574]},"objects":{"nswpol-maps-2013-p100-alldistricts":{"type":"GeometryCollection","geometries":[{"arcs":[[0]],"type":"Polygon","properties":{"ID":30,"Name":"Wallsend","Electors":54302,"ProjectedPopulation":54089,"Members":1,"ElectorDeviation":5.18893,"ProjectedDeviation":2.50026}}]}}}