{"type":"Topology","arcs":[[[1212,812],[-11,-30],[-33,-32],[-32,-79],[-115,-11],[-25,-7],[3,-176],[43,-49],[48,2],[-21,-80],[-81,-42],[-96,-95],[-61,-41],[-76,-33],[-126,-36],[-129,-102],[-25,54],[-73,-24],[-57,4],[-33,14],[-65,-49],[-51,8],[4,81],[20,44],[34,115],[7,43],[-37,29],[17,57],[40,84],[52,31],[9,59],[-42,-7],[-93,51],[-125,34],[-70,4],[-12,112],[23,172],[18,89],[17,10],[13,53],[3,54],[-12,35],[-33,42],[89,66],[32,-100],[34,-60],[35,-17],[74,-4],[40,-48],[72,-28],[31,70],[64,-11],[-11,-43],[80,-8],[126,-23],[26,-44],[44,-26],[46,15],[141,113],[74,-14],[8,-90],[34,-74],[41,-28],[62,-14],[41,-20]]],"transform":{"scale":[0.0000983768885295766,0.00008203854359361396],"translate":[150.8506923578667,-33.8726930918536]},"objects":{"nswpol-maps-2013-p100-alldistricts":{"type":"GeometryCollection","geometries":[{"arcs":[[0]],"type":"Polygon","properties":{"ID":52,"Name":"Prospect","Electors":52193,"ProjectedPopulation":53035,"Members":1,"ElectorDeviation":1.10357,"ProjectedDeviation":0.502896}}]}}}