{"type":"Topology","arcs":[[[2181,272],[-33,-10],[-306,-12],[-105,-14],[-124,3],[-59,-8],[-179,-39],[-237,-66],[-96,-16],[-125,-11],[-214,-22],[-89,22],[-38,4],[-186,-44],[-108,-20],[-111,-31],[-38,-8],[-36,1],[-82,13],[-7,98],[-8,17],[9,138],[4,89],[191,395],[22,62],[-1,36],[-19,177],[135,122],[84,93],[113,98],[132,91],[121,78],[38,88],[164,162],[143,62],[115,125],[28,86],[134,13],[85,17],[117,-17],[78,2],[-2,15],[19,-18],[10,-63],[33,-103],[80,-53],[60,4],[50,-4],[-68,-179],[107,-35],[26,-89],[30,-110],[-2,-63],[-27,-28],[-92,7],[-69,-16],[-43,-20],[-32,-25],[-72,-67],[-40,-67],[-30,-26],[-46,-71],[-18,-53],[11,-49],[11,-23],[57,-78],[51,-50],[60,-44],[35,2],[35,-23],[19,-36],[30,34],[10,36],[30,-48],[32,-21],[33,3],[200,-413]]],"transform":{"scale":[0.00002644331491623868,0.00002206764602540776],"translate":[151.1445560837979,-33.890036441061014]},"objects":{"nswpol-maps-2013-p100-alldistricts":{"type":"GeometryCollection","geometries":[{"arcs":[[0]],"type":"Polygon","properties":{"ID":90,"Name":"Balmain","Electors":51539,"ProjectedPopulation":52400,"Members":1,"ElectorDeviation":-0.1633,"ProjectedDeviation":-0.700448}}]}}}