{"type":"Topology","arcs":[[[847,0],[-37,0],[-12,36],[-49,29],[-19,33],[6,37],[53,20],[21,74],[9,67],[19,81],[-8,72],[5,30],[63,-7],[74,22],[-2,75],[-76,-16],[-85,11],[-92,52],[-23,-7],[-16,42],[-108,10],[-103,-57],[-43,21],[-19,-40],[15,-52],[44,-38],[-15,-36],[-75,32],[-19,18],[3,105],[-20,43],[1,48],[-94,-8],[-91,33],[41,40],[39,19],[45,41],[77,20],[74,29],[-34,32],[-24,1],[-53,28],[-77,-8],[-65,45],[-45,42],[-12,29],[-50,26],[-29,62],[-41,30],[51,153],[53,38],[28,33],[11,54],[96,100],[21,-8],[60,9],[-5,-25],[117,-25],[-18,-88],[22,-4],[-23,-128],[48,-25],[9,-30],[42,-42],[37,-52],[61,-22],[40,56],[12,39],[97,102],[22,81],[55,73],[49,25],[69,55],[61,56],[-4,23],[46,287],[39,37],[51,-6],[116,-36],[1,-20],[-40,-51],[-46,-73],[-29,-67],[-18,-59],[-5,-116],[11,-49],[39,-5],[39,-26],[-36,-28],[-43,-96],[-29,-151],[11,-198],[8,-28],[57,-10],[65,-25],[-6,-121],[22,-31],[-19,-43],[41,-122],[43,-30],[-90,-6],[-39,12],[-59,-40],[-87,-82],[-91,-116],[-81,-163],[-20,-65],[-15,-87]],[[1469,554],[-32,1],[-14,22],[-39,-21],[-1,47],[51,-14],[35,-35]]],"transform":{"scale":[0.00009840709005970971,0.00008200081257968525],"translate":[150.79117337582701,-34.53832792091185]},"objects":{"nswpol-maps-2013-p100-alldistricts":{"type":"GeometryCollection","geometries":[{"arcs":[[[0]],[[1]]],"type":"MultiPolygon","properties":{"ID":37,"Name":"Wollongong","Electors":54874,"ProjectedPopulation":55116,"Members":1,"ElectorDeviation":6.29696,"ProjectedDeviation":4.44645}}]}}}