{"type":"Topology","arcs":[[[974,343],[-158,26],[-37,-51],[-34,-29],[-43,-2],[-73,-119],[11,-79],[-29,-17],[-28,11],[-36,-50],[-28,-14],[-121,21],[-40,30],[-71,13],[-13,-74],[-95,-9],[-79,23],[-18,53],[-27,14],[-55,55],[16,45],[-10,43],[47,65],[76,-8],[21,14],[28,53],[51,46],[-28,43],[-37,101],[0,23],[117,-21],[3,17],[48,18],[4,-44],[55,-10],[18,15],[13,61],[25,38],[-9,50],[-32,49],[10,48],[40,16],[37,-6],[46,36],[47,-3],[58,-17],[24,23],[31,-80],[146,-28],[2,16],[128,-19],[16,-74],[42,-44],[13,-43],[56,-4],[30,-30],[-26,-26],[-64,-23],[-60,-50],[-25,-34],[-5,-35],[22,-23]]],"transform":{"scale":[0.0000983589962457457,0.0000819780661684279],"translate":[151.20400716614492,-33.784667209860295]},"objects":{"nswpol-maps-2013-p100-alldistricts":{"type":"GeometryCollection","geometries":[{"arcs":[[0]],"type":"Polygon","properties":{"ID":68,"Name":"Wakehurst","Electors":51884,"ProjectedPopulation":53022,"Members":1,"ElectorDeviation":0.505002,"ProjectedDeviation":0.478261}}]}}}