{"type":"Topology","arcs":[[[3408,384],[-77,-170],[-31,-202],[-407,-12],[-231,0],[-69,153],[10,96],[-6,55],[-15,39],[-18,18],[-112,19],[-168,-2],[-103,17],[-115,12],[-214,-5],[-175,-50],[-74,-10],[-56,5],[-83,43],[-37,29],[-26,39],[-42,133],[-23,29],[-33,15],[-34,3],[-48,23],[-66,70],[-33,31],[-44,9],[-39,-14],[-26,-17],[-58,-98],[-45,-60],[-53,-57],[-50,-34],[-42,-14],[-93,2],[-47,12],[-73,10],[-136,9],[-109,24],[-84,-7],[-53,-9],[-33,6],[-23,15],[-14,27],[-19,90],[-13,22],[-58,81],[-10,27],[1,36],[17,36],[28,39],[30,18],[30,5],[84,0],[35,7],[25,15],[13,20],[3,26],[-11,24],[-48,37],[-28,52],[-26,57],[5,48],[18,15],[83,42],[66,48],[50,23],[47,113],[43,21],[35,31],[10,30],[-7,61],[-13,29],[-68,116],[-56,88],[-11,71],[8,87],[28,81],[-12,78],[6,138],[7,47],[160,-19],[55,0],[27,6],[405,134],[5,-1],[125,42],[161,51],[55,6],[57,-7],[27,-9],[157,-78],[32,-12],[50,-10],[57,3],[83,27],[194,-270],[147,-211],[93,-139],[86,-115],[142,-196],[107,-153],[32,-38],[74,-105],[121,-162],[65,-93],[15,-44],[20,-100],[8,-19],[62,-94],[72,-118],[12,52],[38,-41],[38,-26],[51,-12],[28,-54],[33,-43],[63,-67],[27,-17],[32,-9]]],"transform":{"scale":[0.00002644137600685674,0.000022070218082660763],"translate":[151.03169146530684,-34.003475560355426]},"objects":{"nswpol-maps-2013-p100-alldistricts":{"type":"GeometryCollection","geometries":[{"arcs":[[0]],"type":"Polygon","properties":{"ID":80,"Name":"Oatley","Electors":52636,"ProjectedPopulation":53709,"Members":1,"ElectorDeviation":1.96171,"ProjectedDeviation":1.78015}}]}}}