{"type":"Topology","arcs":[[[869,0],[-30,14],[-48,56],[-15,28],[-26,6],[-40,33],[-5,-25],[-70,108],[-22,84],[-132,184],[-17,19],[-171,239],[-123,178],[-99,138],[-34,46],[-37,94],[52,17],[97,46],[54,5],[64,-5],[105,12],[92,30],[44,26],[51,20],[118,14],[19,-15],[23,-13],[4,-38],[51,-65],[19,-15],[41,-6],[34,-51],[25,-16],[33,7],[61,-68],[155,-217],[36,-46],[4,-19],[-34,-195],[-10,-18],[-340,-282],[25,-18],[18,-34],[1,-41],[29,-48],[52,-53],[-54,-116]]],"transform":{"scale":[0.000051616912772231884,0.00004307011747296881],"translate":[151.07691839020882,-33.9950048440778]},"objects":{"nswpol-maps-2013-p100-alldistricts":{"type":"GeometryCollection","geometries":[{"arcs":[[0]],"type":"Polygon","properties":{"ID":81,"Name":"Kogarah","Electors":52650,"ProjectedPopulation":53315,"Members":1,"ElectorDeviation":1.98883,"ProjectedDeviation":1.0335}}]}}}