{"type":"Topology","arcs":[[[4511,3015],[-24,-51],[-19,-59],[-31,-35],[-54,-32],[-36,-50],[-49,-164],[-22,-45],[-25,-30],[-23,-56],[-127,-22],[-52,-5],[-112,1],[-86,-5],[-52,-8],[-87,-23],[-4,-4],[5,-481],[4,-173],[19,-22],[36,-20],[16,-35],[44,-28],[11,-14],[15,-53],[19,-12],[33,4],[21,13],[52,10],[60,0],[16,-18],[-22,-105],[-28,-110],[-30,-79],[-32,-37],[-62,-35],[-209,-89],[-48,-36],[-58,-85],[-43,-34],[-207,-198],[-53,-46],[-42,-28],[-134,-77],[-100,-41],[-83,-37],[-3,-9],[-98,-39],[-114,-27],[-170,-38],[-159,-53],[-24,-11],[-75,-58],[-102,-89],[-294,-234],[-7,-1],[-15,28],[-42,99],[-8,9],[-28,70],[-30,-11],[-68,-37],[-98,-12],[-28,-10],[-19,-18],[-30,-7],[-66,15],[-45,-16],[-33,50],[-30,-9],[-22,-25],[-17,0],[-34,33],[-88,21],[-42,-8],[-19,-20],[-6,-52],[-10,-14],[-36,-16],[-5,-28],[-25,-3],[-29,16],[-27,-35],[-24,-18],[-21,-4],[-79,12],[-62,6],[-46,12],[4,44],[12,255],[17,71],[30,58],[26,34],[39,158],[55,127],[35,148],[21,34],[22,17],[-8,18],[-10,87],[-36,30],[-102,77],[28,48],[-7,73],[2,13],[39,81],[-5,30],[-32,36],[15,16],[55,12],[31,25],[84,194],[15,-3],[180,114],[-5,22],[12,65],[28,43],[13,49],[-17,41],[-18,6],[-47,-7],[-26,-14],[-28,3],[-33,-14],[-38,-52],[-46,12],[-10,15],[6,28],[13,20],[-21,15],[-5,17],[-54,13],[-13,40],[-34,-5],[-37,13],[-14,38],[-97,37],[-119,22],[-130,38],[-213,66],[-40,10],[-49,4],[-174,1],[-10,48],[-6,126],[-2,124],[-19,71],[-7,48],[6,109],[16,58],[75,461],[-13,6],[15,-5],[45,262],[9,76],[-12,57],[76,-22],[51,201],[12,64],[2,55],[-6,82],[-21,80],[-22,50],[-48,76],[-26,31],[-53,48],[164,114],[138,101],[32,30],[21,-14],[36,11],[14,-31],[-16,-10],[8,-28],[-15,-10],[-8,-30],[11,-24],[-2,-58],[7,-23],[34,-45],[5,-33],[17,-32],[4,-44],[24,-24],[26,-12],[-5,-18],[19,-29],[2,-34],[16,-16],[33,-8],[-5,-19],[19,-38],[0,-25],[34,-21],[44,-5],[34,-32],[17,-4],[45,9],[31,1],[24,14],[29,-4],[9,-21],[18,-2],[31,18],[89,-32],[18,-13],[21,-41],[30,-20],[10,-27],[36,-37],[16,3],[19,-39],[25,-10],[30,1],[29,-11],[17,-26],[25,-15],[32,1],[12,-31],[98,-17],[18,101],[13,29],[71,69],[13,61],[238,-42],[-23,-131],[-16,-26],[145,-24],[26,5],[84,-12],[40,-2],[211,-37],[259,-47],[2,-65],[25,-3],[13,-12],[57,-81],[51,-27],[45,-17],[70,-55],[23,44],[92,25],[38,-15],[16,5],[524,419],[4,1],[157,-32],[34,47],[48,43],[18,-51],[13,-61],[18,-221],[12,-112],[14,-70],[19,-51],[54,-99],[42,-58],[58,-51],[45,-27],[49,-23],[44,-12],[157,-33],[31,-9],[151,-77]]],"transform":{"scale":[0.000026441715955177844,0.000022077730851925632],"translate":[150.85067519926105,-33.872694446716665]},"objects":{"nswpol-maps-2013-p100-alldistricts":{"type":"GeometryCollection","geometries":[{"arcs":[[0]],"type":"Polygon","properties":{"ID":52,"Name":"Prospect","Electors":52193,"ProjectedPopulation":53035,"Members":1,"ElectorDeviation":1.10357,"ProjectedDeviation":0.502896}}]}}}