{"type":"Topology","arcs":[[[2388,0],[-259,47],[-211,37],[-40,2],[-83,12],[-27,-5],[-145,24],[16,26],[23,131],[-238,42],[-13,-60],[-71,-70],[-13,-29],[-18,-101],[-98,17],[-12,31],[-32,-1],[-25,15],[-17,26],[-29,11],[-30,-1],[-25,10],[-19,39],[-16,-3],[-36,38],[-10,26],[-30,20],[-21,41],[-18,13],[-89,32],[-30,-18],[-18,2],[-9,21],[-29,4],[-24,-14],[-31,-1],[-46,-9],[-17,4],[-34,32],[-44,5],[-34,21],[0,25],[-19,38],[5,19],[-33,8],[-16,16],[-2,34],[-19,29],[5,18],[-26,12],[-24,24],[-4,44],[-17,32],[-5,33],[-34,45],[-7,23],[2,58],[-11,24],[8,30],[15,10],[-8,28],[16,10],[-14,31],[-36,-11],[-20,14],[-17,18],[-11,40],[-30,23],[3,63],[-25,12],[-28,-11],[-26,43],[-19,7],[-16,29],[16,45],[-14,35],[-30,17],[-30,-1],[-15,18],[1,35],[13,54],[44,96],[27,10],[24,-16],[25,32],[-1,31],[-19,63],[11,12],[56,18],[27,93],[39,54],[-1,29],[-19,25],[19,17],[10,28],[25,28],[60,28],[11,30],[-10,27],[2,86],[13,26],[20,64],[-9,48],[18,37],[35,15],[11,55],[-11,20],[-34,26],[17,26],[28,3],[23,26],[7,32],[15,15],[38,17],[2,39],[32,25],[3,32],[134,-32],[131,-21],[379,-32],[9,8],[206,-6],[189,-30],[753,-122],[-2,-11],[-15,-89],[-36,-223],[-15,-109],[155,-10],[120,-67],[99,-59],[52,-97],[13,-17],[28,-14],[127,-22],[28,-10],[-13,-52],[0,-53],[-17,-64],[1,-26],[13,-48],[-2,-75],[-32,-1],[-2,-41],[-31,-124],[4,-47],[29,-49],[-3,-40],[224,-36],[22,-19],[33,-87],[-36,-24],[-51,-50],[-46,-69],[-52,5],[-161,-30],[-58,-7],[-138,18],[-29,-29],[-67,-88],[-44,-85],[-17,-15],[6,-59],[-3,-84],[23,-92],[2,-34],[-6,-41],[-15,-34],[-42,-79],[-12,-49],[1,-64]]],"transform":{"scale":[0.00002644545491649548,0.00002207738418613675],"translate":[150.85592778557532,-33.79116283417018]},"objects":{"nswpol-maps-2013-p100-alldistricts":{"type":"GeometryCollection","geometries":[{"arcs":[[0]],"type":"Polygon","properties":{"ID":51,"Name":"Blacktown","Electors":51350,"ProjectedPopulation":52709,"Members":1,"ElectorDeviation":-0.529414,"ProjectedDeviation":-0.114884}}]}}}