{"type":"Topology","arcs":[[[747,220],[-9,-4],[-2,-37],[-16,-31],[-8,-10],[9,-48],[-23,-13],[-6,-12],[-114,-65],[-68,84],[-69,-28],[3,30],[-40,30],[-44,2],[-70,-28],[-19,31],[-19,60],[-48,62],[-23,75],[-38,12],[-28,-40],[-66,-1],[-23,7],[-9,48],[14,44],[-15,62],[19,46],[-35,67],[13,74],[70,-13],[41,-31],[120,-21],[28,14],[37,51],[28,-11],[28,17],[-11,79],[74,119],[42,2],[35,29],[36,51],[158,-27],[21,-42],[7,-72],[-47,-24],[-44,-57],[3,-71],[-41,-51],[15,-33],[-33,-42],[0,-71],[18,-50],[24,-6],[18,-21],[37,3],[1,4],[46,-30],[20,-51],[34,-9],[-14,-49],[-17,-4]]],"transform":{"scale":[0.00009841407924806453,0.00008199649987982187],"translate":[151.2309904035017,-33.830060630556105]},"objects":{"nswpol-maps-2013-p100-alldistricts":{"type":"GeometryCollection","geometries":[{"arcs":[[0]],"type":"Polygon","properties":{"ID":69,"Name":"Manly","Electors":50771,"ProjectedPopulation":52651,"Members":1,"ElectorDeviation":-1.651,"ProjectedDeviation":-0.224795}}]}}}