{"type":"Topology","arcs":[[[4053,2651],[-111,-79],[-104,-86],[-109,-106],[-64,-70],[-68,-85],[-155,-218],[-35,-77],[-51,-164],[21,-30],[1,-31],[-21,-57],[21,-31],[13,-47],[0,-42],[-42,1],[-19,-30],[9,-39],[-37,-41],[0,-50],[32,-33],[19,21],[29,-20],[-25,-26],[-34,27],[-27,-15],[-11,-45],[-29,-24],[-69,-32],[-54,-50],[-42,-50],[-40,-68],[-25,-104],[51,-65],[-29,-42],[-22,19],[-42,-19],[-7,-39],[26,-26],[8,-28],[36,-67],[2,-54],[-15,-33],[-39,-13],[10,-89],[-161,29],[-13,-81],[-100,15],[-23,-4],[-100,14],[-43,21],[-17,-75],[-40,-8],[-75,39],[12,91],[-82,13],[13,74],[-11,49],[-37,83],[-72,71],[-8,33],[-32,-52],[-11,-33],[-37,-48],[-46,-24],[-26,11],[-7,43],[-26,20],[-18,45],[-37,2],[-55,30],[-59,13],[-34,-23],[-24,11],[-14,-20],[-39,-8],[-42,16],[-42,-5],[-62,17],[-64,-21],[-38,-30],[-9,-33],[-1,-57],[-49,-70],[-42,-21],[-9,-51],[-102,-89],[-65,-85],[-34,-37],[-51,-34],[-48,-46],[-18,-29],[-6,-42],[-61,-45],[-26,-29],[-16,-54],[-70,-80],[-76,31],[-72,-2],[-32,13],[-18,26],[-62,23],[-24,24],[-361,61],[83,100],[10,41],[-13,40],[-41,56],[-55,64],[-24,61],[11,27],[33,33],[-32,8],[-9,44],[-83,31],[74,141],[3,24],[-15,64],[5,28],[-39,5],[-31,27],[-36,16],[-28,27],[-20,84],[10,62],[-28,49],[-58,22],[53,48],[43,83],[37,29],[92,29],[64,34],[34,10],[50,0],[50,11],[24,16],[52,54],[42,26],[68,18],[53,40],[73,94],[40,44],[44,62],[55,110],[42,43],[90,44],[48,35],[26,29],[63,109],[35,51],[78,90],[49,71],[41,81],[16,40],[42,142],[130,-26],[101,-17],[39,-11],[29,-23],[177,-259],[16,-46],[4,-116],[25,-81],[45,-61],[4,-40],[-18,-56],[-43,-86],[0,-33],[44,-5],[57,15],[75,-14],[42,-15],[533,270],[380,334],[336,665],[471,-162],[16,-15],[1,-46],[20,-25],[52,-37],[-1,-24],[114,-108]]],"transform":{"scale":[0.00005164044176491637,0.000043077581496913725],"translate":[151.32980386553498,-33.41995854666175]},"objects":{"nswpol-maps-2013-p100-alldistricts":{"type":"GeometryCollection","geometries":[{"arcs":[[0]],"type":"Polygon","properties":{"ID":35,"Name":"The Entrance","Electors":52429,"ProjectedPopulation":53289,"Members":1,"ElectorDeviation":1.56073,"ProjectedDeviation":0.984234}}]}}}