{"type":"Topology","arcs":[[[3287,1468],[-2,40],[-74,21],[-55,46],[-7,-26],[-47,-11],[-38,38],[-38,-7],[-60,18],[-45,-17],[-28,-52],[-37,-220],[-32,-211],[-20,-115],[8,-44],[-22,-30],[-92,-78],[-48,-28],[-40,-41],[-47,-34],[-56,-26],[-34,-24],[-107,-137],[-22,-69],[2,-33],[-22,-52],[-99,-104],[-28,-50],[-57,-41],[-23,-74],[-31,-57],[-46,-50],[-116,42],[-53,47],[-18,52],[-50,44],[-28,36],[-17,58],[-64,24],[-30,22],[44,244],[-42,7],[33,169],[-4,4],[-217,43],[9,46],[-75,-4],[-38,-12],[-42,16],[31,32],[38,79],[86,193],[140,65],[103,39],[-35,30],[-39,46],[-42,-9],[-74,52],[-16,-10],[-29,13],[-96,7],[-52,14],[-92,-2],[-114,12],[-42,9],[-153,45],[-113,53],[-52,4],[-112,66],[-21,18],[-56,13],[-76,34],[-26,20],[-57,59],[-56,33],[-9,24],[-99,144],[-31,64],[-23,132],[-54,90],[-26,66],[6,137],[-38,106],[-69,76],[-34,-7],[97,801],[792,-120],[8,55],[13,32],[464,-70],[-30,70],[-17,65],[3,63],[26,45],[-17,62],[-70,79],[-25,60],[-12,56],[-54,95],[-7,89],[-22,129],[49,8],[121,39],[60,-11],[53,-28],[71,-50],[74,-40],[44,-7],[148,15],[32,-5],[110,-57],[83,-15],[51,-15],[27,-34],[453,469],[81,-65],[199,-62],[21,-12],[41,-47],[24,-39],[8,-81],[-14,-94],[8,-50],[18,-54],[42,-51],[28,-54],[71,-176],[36,-78],[139,-16],[51,-35],[17,-20],[103,16],[78,57],[45,50],[5,19],[37,32],[52,7],[12,77],[41,-6],[19,130],[8,-1],[15,99],[62,61],[6,-50],[79,-76],[77,-50],[17,-45],[-18,-62],[22,-9],[-53,-32],[0,-23],[-24,-22],[19,-25],[-49,-11],[-36,-45],[-17,-36],[-1,-62],[26,-18],[-32,-39],[-35,1],[-29,-24],[-12,-52],[-42,-19],[-10,-39],[-30,-37],[8,-14],[-22,-41],[-46,-38],[-42,-59],[-48,-105],[-22,-86],[0,-61],[11,-18],[48,-42],[16,-22],[-28,-23],[-33,-68],[8,-74],[26,-8],[3,-28],[-27,-8],[-26,-40],[-33,-100],[33,-44],[-43,-3],[-25,-58],[-16,-63],[-10,-77],[0,-44],[17,-78],[17,-45],[30,-34],[39,-11],[-3,-22],[53,-45],[64,20],[5,-26],[-15,-37],[-47,-37],[-27,-52],[10,-29],[-62,-8],[-70,-63],[-49,-67],[-37,-71]]],"transform":{"scale":[0.000051633416251472545,0.00004307838202106587],"translate":[150.7458542953763,-34.44779484067855]},"objects":{"nswpol-maps-2013-p100-alldistricts":{"type":"GeometryCollection","geometries":[{"arcs":[[0]],"type":"Polygon","properties":{"ID":38,"Name":"Keira","Electors":54325,"ProjectedPopulation":54601,"Members":1,"ElectorDeviation":5.23349,"ProjectedDeviation":3.47051}}]}}}