{"type":"Topology","arcs":[[[2467,787],[-582,-456],[-43,-40],[-46,-69],[-21,-65],[-10,-70],[-12,-33],[-29,-54],[-10,27],[4,74],[-21,21],[-62,35],[-91,-11],[-36,20],[-46,49],[-25,16],[-23,2],[-30,-9],[-34,-33],[-28,-13],[-84,-17],[-57,0],[-65,33],[-46,15],[-38,20],[-14,29],[7,44],[11,13],[46,24],[17,17],[36,58],[5,41],[-33,32],[-51,24],[-29,22],[-25,45],[-25,23],[-25,-5],[-23,336],[-44,28],[-168,14],[-11,7],[-129,39],[18,37],[-68,21],[-31,-91],[-159,59],[-9,-13],[-55,40],[-19,-21],[-25,18],[-26,-3],[-16,-37],[-41,-29],[-96,-38],[-26,68],[-24,27],[83,-8],[18,175],[14,156],[8,74],[149,38],[11,201],[55,105],[21,48],[117,210],[39,41],[241,139],[-80,123],[54,28],[75,17],[55,-1],[23,13],[27,0],[78,-11],[39,3],[17,10],[27,35],[149,78],[21,7],[36,39],[243,91],[19,-177],[1,-36],[-22,-61],[-191,-395],[-4,-90],[-9,-137],[8,-17],[7,-98],[0,-32],[-15,-38],[-4,-42],[123,-51],[85,-26],[-5,-11],[65,-127],[37,15],[35,-24],[8,-21],[-5,-85],[143,-9],[72,-38],[159,-78],[187,-86],[-35,-78],[68,-62],[79,-59],[101,-1],[17,22],[23,-40]]],"transform":{"scale":[0.00002643770286882792,0.000022076851533552872],"translate":[151.10982038736802,-33.92632902642968]},"objects":{"nswpol-maps-2013-p100-alldistricts":{"type":"GeometryCollection","geometries":[{"arcs":[[0]],"type":"Polygon","properties":{"ID":93,"Name":"Summer Hill","Electors":51515,"ProjectedPopulation":52760,"Members":1,"ElectorDeviation":-0.209791,"ProjectedDeviation":-0.0182371}}]}}}