{"type":"Topology","arcs":[[[1186,177],[-41,-18],[11,-75],[-42,-45],[-40,-17],[-64,12],[-58,-34],[-13,72],[-67,0],[-48,-35],[-40,-1],[-25,12],[-1,51],[16,20],[-17,53],[-68,-11],[-163,-48],[-92,-12],[-57,24],[-20,23],[-85,135],[-53,61],[-51,138],[-14,27],[-154,430],[132,-62],[105,-20],[40,-19],[65,-97],[47,-25],[41,-45],[-8,-80],[14,-22],[94,-29],[17,-25],[40,59],[51,-2],[76,-47],[52,-3],[35,-37],[-15,-75],[44,-38],[80,90],[19,31],[-8,69],[23,33],[36,-8],[56,-62],[29,-5],[116,-59],[31,-54],[-24,-79],[11,-39],[-13,-112]]],"transform":{"scale":[0.0000983768885295766,0.00008198300788078212],"translate":[150.930765358254,-33.781094203580125]},"objects":{"nswpol-maps-2013-p100-alldistricts":{"type":"GeometryCollection","geometries":[{"arcs":[[0]],"type":"Polygon","properties":{"ID":63,"Name":"Baulkham Hills","Electors":52074,"ProjectedPopulation":52871,"Members":1,"ElectorDeviation":0.873053,"ProjectedDeviation":0.192111}}]}}}