{"type":"Topology","arcs":[[[1273,964],[-24,-22],[-58,16],[-47,3],[-46,-35],[-37,6],[-40,-16],[-10,-49],[32,-48],[9,-51],[-25,-37],[-13,-62],[-18,-15],[-55,10],[-4,45],[-48,-19],[-3,-17],[-117,21],[0,-23],[37,-101],[28,-42],[-51,-47],[-28,-52],[-21,-14],[-75,8],[-48,-66],[10,-42],[-16,-46],[56,-54],[26,-14],[18,-53],[79,-23],[95,9],[35,-67],[-19,-46],[-78,-21],[-50,39],[-32,-6],[-201,114],[-4,9],[-245,-90],[-64,-30],[-42,5],[-53,-8],[-45,20],[-41,-46],[-11,27],[-4,76],[-25,30],[43,97],[42,30],[78,30],[15,-18],[35,20],[-140,214],[-40,27],[53,182],[19,34],[-66,31],[12,41],[-2,49],[20,57],[38,44],[-2,86],[14,36],[31,32],[-3,20],[29,56],[25,25],[2,27],[31,42],[53,-56],[37,-63],[123,-8],[30,-51],[-12,-77],[52,-9],[71,24],[49,54],[135,75],[48,37],[35,-6],[30,-53],[44,-8],[23,-22],[34,9],[35,33],[51,-17],[9,-19],[68,-24],[57,-39],[83,1],[36,-33],[5,-36],[-34,-11],[-23,-39]]],"transform":{"scale":[0.0000983645605987078,0.00008201548768372543],"translate":[151.1444881841052,-33.7948990005717]},"objects":{"nswpol-maps-2013-p100-alldistricts":{"type":"GeometryCollection","geometries":[{"arcs":[[0]],"type":"Polygon","properties":{"ID":67,"Name":"Davidson","Electors":52870,"ProjectedPopulation":53534,"Members":1,"ElectorDeviation":2.41499,"ProjectedDeviation":1.44852}}]}}}