{"type":"Topology","arcs":[[[1110,174],[-33,-65],[-97,-13],[-90,-56],[-35,0],[-24,45],[-43,-24],[-61,23],[-62,1],[-16,-39],[-56,-46],[-24,21],[-10,39],[-23,26],[-77,-22],[-96,10],[-68,98],[-30,17],[4,30],[38,47],[-1,26],[40,264],[-346,64],[58,322],[26,178],[28,169],[59,332],[11,-1],[41,251],[26,-29],[66,-44],[77,-12],[16,88],[105,-109],[494,-80],[-35,-34],[-76,-41],[-88,-34],[-37,-40],[-36,-11],[16,-33],[247,-684],[21,-65],[33,-64],[36,-40],[81,-44],[36,-28],[60,-66],[-26,-9],[-30,-149],[-40,-24],[-71,-6],[-26,-14],[38,-58],[0,-67]]],"transform":{"scale":[0.00009841348537255269,0.0000820280014597311],"translate":[151.60671006590286,-32.94330543556818]},"objects":{"nswpol-maps-2013-p100-alldistricts":{"type":"GeometryCollection","geometries":[{"arcs":[[0]],"type":"Polygon","properties":{"ID":30,"Name":"Wallsend","Electors":54302,"ProjectedPopulation":54089,"Members":1,"ElectorDeviation":5.18893,"ProjectedDeviation":2.50026}}]}}}