{"type":"Topology","arcs":[[[170,191],[-36,-83],[15,-23],[-23,-85],[-102,19],[-24,63],[28,5],[-21,135],[99,-12],[-1,26],[51,4],[14,-49]]],"transform":{"scale":[0.000405998790657236,0.00033809013041367447],"translate":[150.80163981308212,-33.797660226152146]},"objects":{"nswpol-maps-2013-p100-alldistricts":{"type":"GeometryCollection","geometries":[{"arcs":[[0]],"type":"Polygon","properties":{"ID":49,"Name":"Mount Druitt","Electors":50116,"ProjectedPopulation":52129,"Members":1,"ElectorDeviation":-2.91981,"ProjectedDeviation":-1.214}}]}}}