{"type":"Topology","arcs":[[[1992,119],[-28,-42],[-102,-58],[-72,-19],[-37,3],[-64,20],[-120,-17],[-40,7],[-28,20],[-56,75],[-24,9],[-81,-23],[-57,11],[-62,0],[-31,-7],[-158,-50],[-77,1],[-13,18],[0,72],[-8,74],[-13,45],[-35,51],[-41,42],[-56,44],[-29,36],[-32,53],[-27,22],[-22,-7],[-49,-87],[-18,-56],[-42,-37],[16,-29],[4,-39],[-42,-16],[-43,31],[-64,58],[-67,22],[-50,2],[-85,-11],[12,86],[-28,5],[-4,47],[9,24],[38,-6],[21,114],[-121,20],[7,37],[-91,15],[25,173],[-107,19],[84,40],[17,13],[20,64],[90,-15],[338,-58],[246,-45],[374,-60],[47,-3],[-89,127],[4,10],[48,296],[117,-21],[-3,-21],[84,-14],[215,15],[-48,107],[-19,33],[-46,47],[-37,64],[29,103],[120,33],[115,128],[47,56],[36,55],[22,50],[100,-36],[103,-54],[694,-13],[415,-7],[32,5],[105,-64],[36,-96],[-9,-46],[33,-36],[-11,-22],[23,-80],[-6,-28],[-24,-17],[-17,-57],[10,-25],[-23,-79],[28,-28],[-13,-31],[-25,-11],[-8,-35],[-33,-43],[-17,-46],[2,-19],[-29,-14],[-20,-46],[-47,-59],[-50,-12],[-72,-36],[-42,-3],[-61,8],[-30,-6],[-24,31],[-55,-2],[-26,28],[-21,-34],[-39,-28],[-40,74],[-21,23],[-67,43],[-72,23],[-59,3],[-192,-39],[-63,-26],[-132,-79],[-47,-47],[-48,-58],[-43,-63],[-46,-89],[10,-25],[-24,-33],[1,-41],[41,-20],[19,-31],[-27,-51],[-10,-49],[-19,-30],[33,-51],[22,-17],[-30,-67],[9,-15],[107,-50]]],"transform":{"scale":[0.000051630877101856916,0.000043064864152499165],"translate":[151.05990516005983,-34.07763826802416]},"objects":{"nswpol-maps-2013-p100-alldistricts":{"type":"GeometryCollection","geometries":[{"arcs":[[0]],"type":"Polygon","properties":{"ID":76,"Name":"Cronulla","Electors":53781,"ProjectedPopulation":54360,"Members":1,"ElectorDeviation":4.1797,"ProjectedDeviation":3.01381}}]}}}