{"type":"Topology","arcs":[[[747,278],[-23,-139],[-91,18],[-155,-19],[-53,-20],[-23,-67],[-31,-28],[-60,-23],[-38,6],[-39,32],[9,21],[-113,54],[-38,3],[-38,65],[-54,24],[5,30],[32,-4],[119,28],[33,-7],[91,9],[155,34],[152,9],[38,29],[57,-37],[65,-18]]],"transform":{"scale":[0.00009832524305173331,0.0000819362619531497],"translate":[151.1444881841052,-33.90899158747261]},"objects":{"nswpol-maps-2013-p100-alldistricts":{"type":"GeometryCollection","geometries":[{"arcs":[[0]],"type":"Polygon","properties":{"ID":54,"Name":"Newtown","Electors":49193,"ProjectedPopulation":50938,"Members":1,"ElectorDeviation":-4.70776,"ProjectedDeviation":-3.47098}}]}}}