{"type":"Topology","arcs":[[[3427,1209],[-63,-90],[-169,-267],[-38,-66],[-87,-142],[-116,-203],[-14,-26],[-70,-154],[-42,-86],[-55,-125],[-80,24],[-40,3],[-45,-12],[-57,-47],[-18,20],[-46,7],[-60,-33],[-55,-12],[-81,3],[-32,9],[-17,19],[-11,29],[10,39],[37,22],[71,19],[16,17],[0,40],[-19,20],[-27,2],[-32,-11],[-42,0],[-51,41],[-495,-157],[-64,-23],[-50,-31],[-33,-32],[-270,49],[-49,-3],[-173,30],[-698,116],[6,23],[19,34],[29,27],[77,50],[25,23],[12,29],[-159,27],[-119,115],[-170,180],[-28,24],[-25,36],[-29,55],[7,1],[294,233],[102,90],[75,58],[24,11],[159,53],[171,38],[113,27],[98,39],[3,9],[83,37],[100,41],[135,76],[42,28],[52,47],[207,198],[43,34],[58,85],[49,36],[208,89],[62,35],[32,36],[30,80],[28,110],[22,105],[24,-26],[25,-7],[73,0],[145,-73],[45,-28],[19,-21],[44,-74],[26,-65],[19,-29],[23,-3],[22,-74],[54,-14],[-12,-47],[55,-54],[1,-30],[83,-78],[5,0],[175,-172],[348,-347],[56,-66]]],"transform":{"scale":[0.000026441118368046985,0.000022072038597663997],"translate":[150.89990169914083,-33.890763614902646]},"objects":{"nswpol-maps-2013-p100-alldistricts":{"type":"GeometryCollection","geometries":[{"arcs":[[0]],"type":"Polygon","properties":{"ID":57,"Name":"Fairfield","Electors":51814,"ProjectedPopulation":52772,"Members":1,"ElectorDeviation":0.369405,"ProjectedDeviation":0.00450324}}]}}}