{"type":"Topology","arcs":[[[584,37],[-65,11],[-5,-48],[-52,2],[-19,13],[-53,6],[-67,-4],[11,67],[-201,32],[28,167],[-95,16],[18,100],[22,96],[-34,6],[21,119],[-50,81],[-43,30],[24,33],[61,1],[71,44],[48,6],[17,116],[-27,25],[-2,51],[20,96],[-24,9],[55,9],[92,-24],[78,10],[54,-58],[302,-54],[28,-13],[19,10],[30,-24],[-4,-21],[34,-31],[-27,-25],[-45,4],[-45,-32],[-36,-72],[27,-41],[7,-104],[28,-74],[-4,-23],[-61,-22],[-24,-27],[-82,35],[-28,-17],[30,-41],[-41,-49],[-43,-24],[-14,-28],[29,-99],[23,-13],[15,-33],[-27,-27],[5,-65],[32,-47],[-11,-55]]],"transform":{"scale":[0.00005163418770813523,0.0000430731676595406],"translate":[151.2310654512867,-33.93784326954718]},"objects":{"nswpol-maps-2013-p100-alldistricts":{"type":"GeometryCollection","geometries":[{"arcs":[[0]],"type":"Polygon","properties":{"ID":88,"Name":"Coogee","Electors":51336,"ProjectedPopulation":52331,"Members":1,"ElectorDeviation":-0.556534,"ProjectedDeviation":-0.831205}}]}}}