{"type":"Topology","arcs":[[[2099,1392],[-113,-86],[-57,-55],[-70,-83],[-81,-113],[-44,-127],[11,-32],[-11,-30],[17,-63],[-46,-58],[-9,-74],[-51,-28],[-51,-54],[-21,-35],[-13,-55],[26,-34],[-48,-22],[32,-85],[-7,-44],[-19,-7],[5,-48],[-85,15],[-7,-41],[-116,13],[-53,-33],[-39,21],[5,47],[-42,7],[7,39],[-26,69],[-37,38],[-21,-10],[-26,-43],[-23,-13],[-40,63],[-80,23],[-59,-20],[-76,15],[-54,-27],[-5,-48],[-52,-74],[-55,-48],[-51,-63],[-62,-57],[-2,-22],[-46,-39],[-8,-29],[-38,-42],[-39,16],[-55,6],[-54,39],[-190,32],[44,53],[-2,42],[-50,63],[-13,31],[2,60],[-44,16],[39,74],[-7,46],[-67,55],[-11,43],[6,33],[-17,62],[42,60],[81,32],[83,20],[49,42],[64,31],[82,104],[29,58],[70,45],[39,35],[32,57],[85,111],[30,64],[23,74],[121,-22],[35,-18],[93,-136],[11,-85],[39,-96],[-32,-75],[23,-19],[30,7],[61,-15],[279,142],[200,175],[177,350],[247,-85],[9,-33],[37,-44],[60,-58]]],"transform":{"scale":[0.00009838699741218216,0.00008201069005355291],"translate":[151.33259154632887,-33.41997695521828]},"objects":{"nswpol-maps-2013-p100-alldistricts":{"type":"GeometryCollection","geometries":[{"arcs":[[0]],"type":"Polygon","properties":{"ID":35,"Name":"The Entrance","Electors":52429,"ProjectedPopulation":53289,"Members":1,"ElectorDeviation":1.56073,"ProjectedDeviation":0.984234}}]}}}