{"type":"Topology","arcs":[[[2258,337],[-47,-11],[-30,-23],[24,-119],[-4,-24],[-27,-26],[-38,-19],[-15,-42],[-34,1],[-42,-33],[-77,5],[-44,19],[-22,-4],[-27,-26],[-33,-2],[0,-32],[-30,-1],[-25,138],[-125,0],[-93,-68],[-11,-19],[-65,16],[-11,30],[-36,-7],[-2,97],[31,38],[-27,48],[-8,55],[-127,-21],[-108,-31],[-108,-37],[-96,-25],[-97,-15],[-78,-7],[-41,8],[-67,37],[-38,44],[-107,179],[-54,79],[-96,98],[-7,17],[-27,65],[-27,84],[-43,115],[-26,51],[-60,172],[-19,44],[-107,300],[-69,178],[-29,45],[-9,79],[118,-52],[97,-54],[35,-14],[200,-37],[77,-36],[29,-35],[16,-38],[79,-110],[30,-25],[59,-23],[63,-61],[15,-28],[-12,-57],[-4,-92],[28,-43],[67,-27],[47,-3],[65,-26],[32,-45],[77,112],[57,-29],[40,22],[39,-17],[106,-70],[100,-5],[37,-55],[29,-16],[-10,-58],[-19,-49],[-1,-36],[83,-72],[17,30],[99,95],[38,44],[36,61],[-2,42],[-16,10],[11,45],[-7,33],[41,65],[31,2],[40,-17],[107,-119],[55,-10],[34,-30],[64,-18],[44,-33],[78,-33],[26,-37],[14,-45],[19,-19],[-19,-79],[-19,-35],[-7,-37],[20,-72],[0,-75],[-17,-45],[-11,-68],[3,-26]]],"transform":{"scale":[0.00005164445841271432,0.00004307387407111973],"translate":[150.93078964908028,-33.78106703812637]},"objects":{"nswpol-maps-2013-p100-alldistricts":{"type":"GeometryCollection","geometries":[{"arcs":[[0]],"type":"Polygon","properties":{"ID":63,"Name":"Baulkham Hills","Electors":52074,"ProjectedPopulation":52871,"Members":1,"ElectorDeviation":0.873053,"ProjectedDeviation":0.192111}}]}}}