{"type":"Topology","arcs":[[[3900,0],[-48,9],[-215,49],[-169,43],[-129,44],[-132,52],[-146,68],[-196,119],[-88,64],[-140,124],[-13,-10],[-175,169],[-51,55],[-182,169],[-238,-212],[-220,-256],[-110,-143],[-50,-88],[-28,7],[-40,-18],[-25,4],[-37,30],[16,54],[-27,-2],[-64,8],[-70,-15],[-43,-2],[-34,9],[-44,-4],[-27,-8],[-33,-22],[-52,-46],[-50,-21],[-24,1],[-135,-14],[-124,-35],[-31,-14],[-27,9],[-17,21],[-6,60],[-10,40],[-33,64],[3,38],[23,58],[-12,18],[-32,0],[-83,-23],[-44,-4],[-36,8],[-33,19],[-48,-10],[-37,-22],[-13,1],[-14,76],[-13,38],[4,51],[-30,31],[-82,3],[-8,22],[-43,70],[-9,7],[-71,15],[-37,41],[-18,74],[26,31],[17,-5],[46,-43],[15,15],[4,69],[-3,20],[59,38],[53,23],[25,31],[-7,46],[0,47],[10,21],[34,17],[126,-19],[92,-18],[14,98],[11,52],[12,87],[33,-5],[7,34],[86,-12],[10,48],[2,39],[78,57],[35,-16],[117,9],[41,15],[52,-10],[63,-1],[66,-34],[46,-10],[24,-36],[-2,-48],[10,-6],[21,36],[53,30],[41,11],[29,0],[25,-15],[41,-5],[51,22],[12,-6],[30,-35],[27,-17],[17,2],[13,25],[14,54],[21,25],[30,-6],[40,11],[-13,40],[-25,54],[-40,7],[-30,12],[-54,41],[29,112],[4,66],[30,103],[11,-6],[62,356],[80,-14],[29,162],[-173,30],[38,251],[22,155],[166,-29],[47,263],[214,-37],[12,62],[45,53],[14,53],[23,115],[33,254],[48,488],[-29,313],[199,-28],[61,11],[22,-16],[80,-14],[18,-13],[90,-14],[41,-30],[16,115],[187,-34],[51,-28],[48,-52],[80,-61],[57,1],[137,-131],[22,-17],[40,-11],[94,-18],[200,-192],[22,-16],[21,-1],[64,10],[20,-6],[40,36],[33,12],[33,-1],[95,-12],[252,127],[450,230],[122,33],[5,-11],[-4,-201],[-16,-124],[-8,-33],[-54,-134],[-40,-72],[-58,-203],[-25,-62],[-10,-36],[-4,-65],[8,-69],[13,-35],[29,-44],[49,-37],[42,-51],[13,-59],[-5,-34],[-23,-47],[-93,-96],[-13,-24],[-56,-181],[-71,-198],[-43,-112],[277,-43],[-31,-166],[-56,-291],[-282,54],[-31,-100],[-23,-107],[10,4],[26,-76],[26,-40],[46,-59],[126,-187],[11,-22],[193,-34],[116,-19],[253,-45],[-27,-174],[1,-37],[-56,-365],[-28,-31],[-17,-30],[3,-33],[-17,-58],[5,-52],[-26,-33],[-3,-39],[-135,26],[-185,30],[-141,25],[-21,10],[-149,28],[-73,-84],[-28,-6],[-15,-110],[-11,-44],[-22,-47],[-54,-58],[-37,-30],[-121,-105],[-45,-47]]],"transform":{"scale":[0.000026441467088595717,0.000022075149891528254],"translate":[150.60076822828972,-33.78541155015]},"objects":{"nswpol-maps-2013-p100-alldistricts":{"type":"GeometryCollection","geometries":[{"arcs":[[0]],"type":"Polygon","properties":{"ID":47,"Name":"Penrith","Electors":51507,"ProjectedPopulation":52745,"Members":1,"ElectorDeviation":-0.225288,"ProjectedDeviation":-0.0466626}}]}}}