{"type":"Topology","arcs":[[[2000,196],[-68,48],[-31,5],[-85,-6],[-34,-8],[-41,-26],[-46,-18],[-46,14],[-35,1],[-64,-36],[-45,-3],[-92,63],[-33,10],[-55,-1],[-18,8],[-78,51],[-17,39],[-35,-6],[-80,-34],[-94,-64],[-46,-44],[-90,-96],[-36,-42],[-60,-51],[-61,44],[-102,90],[-48,53],[-46,94],[-29,66],[-53,179],[-26,97],[-7,48],[5,112],[11,57],[50,203],[-3,61],[-19,74],[-68,260],[-33,96],[-42,82],[-99,151],[-47,82],[-146,71],[-8,18],[67,18],[42,7],[89,4],[61,-1],[72,-7],[3,6],[-122,30],[-29,12],[-39,41],[-9,40],[5,28],[28,56],[101,145],[74,-38],[133,-63],[46,65],[35,28],[44,23],[104,44],[88,50],[37,32],[45,51],[53,84],[19,64],[18,87],[5,56],[14,-2],[61,36],[29,-5],[10,-185],[29,-183],[35,-150],[103,26],[11,-6],[61,16],[33,-126],[-19,-7],[98,-382],[91,-28],[44,-18],[86,-23],[120,-11],[56,-15],[122,-21],[148,-18],[33,-6],[128,-36],[106,-12],[142,-25],[51,-27],[114,-95],[80,-122],[-241,-139],[-38,-41],[-117,-211],[-21,-48],[-56,-104],[-11,-201],[-149,-38],[-8,-74],[-14,-157],[-18,-174],[-83,8]]],"transform":{"scale":[0.00002644279236100886,0.00002207444811263699],"translate":[151.0569249955401,-33.90729029312153]},"objects":{"nswpol-maps-2013-p100-alldistricts":{"type":"GeometryCollection","geometries":[{"arcs":[[0]],"type":"Polygon","properties":{"ID":85,"Name":"Strathfield","Electors":50885,"ProjectedPopulation":52496,"Members":1,"ElectorDeviation":-1.43017,"ProjectedDeviation":-0.518525}}]}}}