{"type":"Topology","arcs":[[[751,16],[-168,27],[-34,-43],[-39,8],[7,46],[-170,27],[-10,-53],[-42,7],[12,64],[-88,5],[12,69],[-77,16],[10,55],[-43,7],[-9,-51],[-62,11],[-11,52],[-39,55],[7,118],[52,50],[26,96],[88,-13],[7,37],[53,-24],[270,-47],[-6,-70],[-16,-34],[52,-89],[62,-25],[56,-107],[21,-5],[30,42],[71,-30],[30,-42],[41,-13],[-64,-79],[-52,-36],[23,-31]]],"transform":{"scale":[0.0004070473524202218,0.00033793072912635853],"translate":[151.4003283668558,-32.810437045344194]},"objects":{"nswpol-maps-2013-p100-alldistricts":{"type":"GeometryCollection","geometries":[{"arcs":[[0]],"type":"Polygon","properties":{"ID":27,"Name":"Maitland","Electors":49599,"ProjectedPopulation":51214,"Members":1,"ElectorDeviation":-3.92129,"ProjectedDeviation":-2.94795}}]}}}