{"type":"Topology","arcs":[[[94,27],[9,-18],[-95,-9],[-8,54],[9,62],[-8,75],[73,19],[-3,-36],[24,-40],[24,-55],[-36,-11],[11,-41]]],"transform":{"scale":[0.000404043740300823,0.0003373234861270259],"translate":[151.0389438253292,-33.95221571434126]},"objects":{"nswpol-maps-2013-p100-alldistricts":{"type":"GeometryCollection","geometries":[{"arcs":[[0]],"type":"Polygon","properties":{"ID":83,"Name":"Lakemba","Electors":51566,"ProjectedPopulation":52780,"Members":1,"ElectorDeviation":-0.110998,"ProjectedDeviation":0.0196635}}]}}}