{"type":"Topology","arcs":[[[242,15],[-25,-15],[-44,14],[-62,-7],[-36,57],[-16,-34],[-39,13],[-20,44],[16,38],[128,-22],[-5,55],[53,-5],[-16,45],[43,41],[26,-11],[89,-1],[69,-9],[10,-36],[-29,-69],[-69,12],[-66,-15],[-25,-46],[18,-49]]],"transform":{"scale":[0.0004065289738047479,0.0003381574924639801],"translate":[151.0641476828391,-34.07779204849491]},"objects":{"nswpol-maps-2013-p100-alldistricts":{"type":"GeometryCollection","geometries":[{"arcs":[[0]],"type":"Polygon","properties":{"ID":76,"Name":"Cronulla","Electors":53781,"ProjectedPopulation":54360,"Members":1,"ElectorDeviation":4.1797,"ProjectedDeviation":3.01381}}]}}}