{"type":"Topology","arcs":[[[221,74],[-12,-64],[-19,-10],[-70,28],[-6,25],[-114,31],[27,32],[98,30],[68,-37],[19,5],[9,-40]]],"transform":{"scale":[0.00040705151007979125,0.0003374285058923535],"translate":[151.1459632818328,-33.83146923919352]},"objects":{"nswpol-maps-2013-p100-alldistricts":{"type":"GeometryCollection","geometries":[{"arcs":[[0]],"type":"Polygon","properties":{"ID":71,"Name":"Willoughby","Electors":51443,"ProjectedPopulation":52431,"Members":1,"ElectorDeviation":-0.349263,"ProjectedDeviation":-0.641702}}]}}}