{"type":"Topology","arcs":[[[374,0],[-90,20],[-93,3],[-81,-6],[27,34],[41,-7],[10,56],[-36,6],[-6,67],[19,50],[-4,74],[-67,-24],[-47,33],[-46,2],[-1,5],[5,46],[50,133],[50,37],[198,-74],[35,-67],[39,-52],[63,-82],[15,-37],[1,-25],[-99,11],[21,-135],[-28,-5],[24,-63]]],"transform":{"scale":[0.0004073093032133725,0.0003378162253660926],"translate":[150.65894720441065,-33.79122041414427]},"objects":{"nswpol-maps-2013-p100-alldistricts":{"type":"GeometryCollection","geometries":[{"arcs":[[0]],"type":"Polygon","properties":{"ID":48,"Name":"Londonderry","Electors":49999,"ProjectedPopulation":52108,"Members":1,"ElectorDeviation":-3.14645,"ProjectedDeviation":-1.2538}}]}}}