{"type":"Topology","arcs":[[[930,232],[-334,57],[-13,23],[-69,-29],[-46,7],[-33,29],[-55,10],[-5,41],[6,119],[18,163],[38,0],[0,-71],[12,-24],[-7,-67],[43,-24],[29,1],[61,28],[-38,86],[-5,51],[33,38],[62,29],[14,28],[-38,30],[-8,80],[23,113],[12,33],[21,174],[-12,115],[9,30],[-55,4],[-31,18],[-97,-63],[-80,-27],[-102,10],[-115,22],[-168,45],[5,97],[33,15],[32,73],[45,19],[5,40],[29,15],[26,-19],[62,-10],[7,50],[18,9],[153,6],[72,12],[264,-41],[22,-25],[28,49],[9,42],[38,27],[82,-17],[94,24],[22,28],[-36,137],[12,28],[39,41],[64,36],[63,-10],[4,-32],[-54,-5],[-5,-29],[55,-51],[33,-16],[42,8],[9,-13],[-6,-86],[15,-47],[36,-65],[-12,-30],[-41,15],[-51,-24],[-11,-24],[11,-65],[-24,-65],[36,-28],[41,-76],[44,-11],[48,-43],[-26,-69],[8,-34],[87,-18],[44,-64],[42,-42],[-36,-33],[15,-47],[31,-15],[52,43],[18,-39],[62,-12],[36,18],[20,-82],[-7,-41],[-38,-45],[-18,-34],[-27,-4],[-10,-53],[-22,-24],[-40,7],[-4,-42],[-36,-45],[-41,-13],[-13,-23],[90,-21],[-22,-79],[173,-24],[27,11],[23,-33],[-5,-32],[-31,-35],[22,-45],[-36,-21],[-24,-32],[0,-31],[-92,-35],[-15,41],[-32,-21],[-5,-31],[-44,-18],[0,-108],[-17,-17],[-54,-8],[-70,45],[-125,19],[-51,39],[-24,29],[-29,75],[-184,25]]],"transform":{"scale":[0.00009841666087182049,0.00008203884009310975],"translate":[150.84923117172826,-34.0590578512398]},"objects":{"nswpol-maps-2013-p100-alldistricts":{"type":"GeometryCollection","geometries":[{"arcs":[[0]],"type":"Polygon","properties":{"ID":75,"Name":"Holsworthy","Electors":50789,"ProjectedPopulation":52764,"Members":1,"ElectorDeviation":-1.61613,"ProjectedDeviation":-0.010657}}]}}}