{"type":"Topology","arcs":[[[2864,639],[-6,-34],[-52,-114],[-72,-124],[-19,-87],[-5,-103],[13,-50],[-77,-127],[-19,16],[-67,11],[-612,101],[-20,16],[-126,19],[-99,-25],[10,34],[29,36],[34,4],[7,72],[80,52],[-20,31],[19,23],[3,47],[-42,2],[-19,26],[33,66],[-13,64],[-497,80],[-55,39],[-41,14],[-112,8],[-20,-38],[-58,-62],[-12,-89],[32,-43],[-536,83],[-4,54],[-28,71],[21,53],[-25,60],[-30,-2],[-18,-43],[-58,-24],[-59,20],[-25,32],[-64,3],[-21,11],[-120,-2],[-54,31],[-26,58],[-14,61],[33,121],[32,58],[55,52],[94,41],[59,52],[49,52],[85,153],[50,72],[35,84],[42,83],[24,26],[44,62],[58,70],[65,57],[109,-106],[117,-80],[110,-45],[116,-26],[127,-5],[210,29],[137,8],[93,-3],[149,-17],[101,-23],[152,-43],[123,-16],[101,3],[100,-10],[52,-12],[169,-59],[-22,-171],[11,-112],[71,-5],[124,-34],[93,-50],[42,7],[-9,-60],[-51,-30],[-41,-84],[-17,-58],[38,-28],[-7,-43],[-35,-116],[-20,-43],[-4,-82]]],"transform":{"scale":[0.00009841565995656464,0.00008203627741443657],"translate":[150.5880685025819,-33.92450168291608]},"objects":{"nswpol-maps-2013-p100-alldistricts":{"type":"GeometryCollection","geometries":[{"arcs":[[0]],"type":"Polygon","properties":{"ID":46,"Name":"Mulgoa","Electors":49537,"ProjectedPopulation":51325,"Members":1,"ElectorDeviation":-4.04139,"ProjectedDeviation":-2.7376}}]}}}