{"type":"Topology","arcs":[[[2313,2103],[-72,-57],[-81,-78],[-60,-74],[-37,-68],[-39,-46],[-28,-70],[-56,-78],[9,-113],[-61,-71],[-24,-56],[-18,-114],[21,-67],[54,-14],[16,-53],[70,-44],[-11,-39],[-59,-62],[-39,-89],[-8,-93],[53,-77],[-58,-157],[-13,-57],[9,-56],[34,-42],[-46,-26],[-118,-37],[-130,-60],[-122,-71],[-90,-73],[-70,-94],[-18,-53],[-42,-14],[-91,16],[89,46],[-102,99],[-30,-37],[-25,10],[-18,64],[-92,-63],[-126,19],[16,80],[-47,9],[15,103],[34,51],[-59,79],[-29,2],[-81,121],[56,318],[110,-18],[2,48],[-44,71],[-3,45],[-28,69],[133,768],[12,188],[-72,33],[-16,45],[-26,7],[-20,48],[-67,33],[-25,-48],[-60,-6],[-73,66],[-45,-5],[-12,49],[-88,13],[13,136],[44,23],[27,166],[-56,-7],[-135,87],[-51,23],[-8,-23],[-80,60],[-38,17],[-26,56],[6,22],[-48,28],[-42,52],[47,34],[-35,44],[-2,29],[-57,26],[-26,48],[20,39],[68,-11],[32,29],[99,-11],[5,27],[174,-30],[-8,98],[421,-70],[5,-20],[192,-29],[4,50],[-29,61],[-16,106],[31,-2],[42,-38],[0,-52],[27,-17],[-22,-95],[7,-30],[58,-51],[28,63],[71,46],[21,47],[31,-19],[34,-73],[38,-18],[21,33],[61,0],[3,-83],[28,-30],[-4,-67],[-71,-135],[52,-10],[37,21],[19,-26],[-9,-65],[16,-19],[59,8],[22,-43],[38,-9],[39,-100],[-23,-127],[17,-33],[-8,-53],[68,21],[13,-69],[65,-21],[-4,48],[203,-32],[51,-24],[17,-90],[45,1],[19,-36],[6,-65],[47,-58],[84,-15],[56,43],[13,-6]]],"transform":{"scale":[0.00040736555089336405,0.0003382662115874134],"translate":[151.75357012364844,-32.58794154047195]},"objects":{"nswpol-maps-2013-p100-alldistricts":{"type":"GeometryCollection","geometries":[{"arcs":[[0]],"type":"Polygon","properties":{"ID":25,"Name":"Myall Lakes","Electors":52697,"ProjectedPopulation":54252,"Members":1,"ElectorDeviation":2.07987,"ProjectedDeviation":2.80915}}]}}}