{"type":"Topology","arcs":[[[141,22],[-29,20],[-47,70],[-65,27],[6,42],[49,12],[-3,-40],[94,-13],[65,1],[48,-23],[42,-22],[15,-45],[-52,4],[4,-55],[-127,22]]],"transform":{"scale":[0.0004073846491376678,0.0003370057061118519],"translate":[151.0133522161653,-34.043017063652364]},"objects":{"nswpol-maps-2013-p100-alldistricts":{"type":"GeometryCollection","geometries":[{"arcs":[[0]],"type":"Polygon","properties":{"ID":77,"Name":"Miranda","Electors":53750,"ProjectedPopulation":54000,"Members":1,"ElectorDeviation":4.11965,"ProjectedDeviation":2.3316}}]}}}