{"type":"Topology","arcs":[[[848,0],[-23,80],[11,23],[-33,35],[9,46],[-36,96],[-105,64],[-32,-5],[-415,7],[0,13],[-48,490],[-5,11],[-18,155],[-75,349],[24,30],[-6,25],[24,32],[-43,48],[-42,74],[-35,93],[57,21],[23,31],[13,63],[31,34],[96,38],[68,11],[85,1],[50,24],[12,15],[82,138],[41,81],[103,-17],[36,-1],[73,14],[9,17],[118,-18],[95,-16],[-27,-166],[201,-33],[-12,-67],[67,4],[53,-6],[19,-13],[52,-2],[5,48],[65,-11],[-34,-23],[24,-32],[43,-14],[54,-51],[-33,-28],[-44,-55],[-49,-7],[-17,-17],[-20,-72],[-6,-57],[9,-32],[24,-26],[51,-27],[20,-27],[40,-26],[24,-41],[-36,-19],[-16,-25],[37,-46],[22,-86],[-8,-40],[-32,1],[-85,26],[-59,58],[-33,5],[-28,19],[-31,-25],[35,-44],[9,-31],[25,-23],[43,-56],[1,-36],[26,-41],[-19,-48],[-43,-4],[-3,-14],[-85,-26],[11,-32],[32,-5],[13,-66],[-25,-61],[-15,-11],[3,-61],[18,-52],[-19,-38],[-14,-49],[-19,-27],[-20,-56],[10,-48],[-13,-26],[-21,3],[-310,-334],[-4,-3]]],"transform":{"scale":[0.00005163807863740343,0.00004308265933853939],"translate":[151.18814687976283,-34.01623138525759]},"objects":{"nswpol-maps-2013-p100-alldistricts":{"type":"GeometryCollection","geometries":[{"arcs":[[0]],"type":"Polygon","properties":{"ID":87,"Name":"Maroubra","Electors":50270,"ProjectedPopulation":52062,"Members":1,"ElectorDeviation":-2.62149,"ProjectedDeviation":-1.34097}}]}}}