{"type":"Topology","arcs":[[[913,103],[-21,-46],[-8,-54],[-171,-3],[-19,41],[-8,56],[-133,12],[-58,-1],[-82,-15],[-40,30],[-17,43],[-57,39],[-30,-7],[-41,-57],[-25,-13],[-175,17],[-28,59],[9,37],[55,11],[-25,59],[1,13],[58,34],[35,70],[-38,62],[8,136],[64,-4],[188,60],[37,-2],[65,-28],[37,8],[117,-166],[168,-232],[11,-44],[37,-57],[37,-7],[49,-51]]],"transform":{"scale":[0.00009837266299047903,0.00008203816738995379],"translate":[151.03197685144426,-34.00343263983259]},"objects":{"nswpol-maps-2013-p100-alldistricts":{"type":"GeometryCollection","geometries":[{"arcs":[[0]],"type":"Polygon","properties":{"ID":80,"Name":"Oatley","Electors":52636,"ProjectedPopulation":53709,"Members":1,"ElectorDeviation":1.96171,"ProjectedDeviation":1.78015}}]}}}