{"type":"Topology","arcs":[[[343,0],[-84,43],[-116,16],[-14,49],[-51,-4],[-15,37],[-63,82],[2,30],[111,63],[38,-31],[51,-18],[43,-40],[46,-82],[52,-145]]],"transform":{"scale":[0.0004069696660042917,0.0003372749643367208],"translate":[150.81249685939406,-33.75290353269738]},"objects":{"nswpol-maps-2013-p100-alldistricts":{"type":"GeometryCollection","geometries":[{"arcs":[[0]],"type":"Polygon","properties":{"ID":50,"Name":"Riverstone","Electors":46970,"ProjectedPopulation":50730,"Members":1,"ElectorDeviation":-9.01395,"ProjectedDeviation":-3.86515}}]}}}