{"type":"Topology","arcs":[[[341,0],[-67,8],[-7,19],[12,21],[-113,41],[-95,-42],[-55,61],[11,32],[-27,53],[8,62],[22,39],[102,46],[18,41],[58,21],[9,39],[64,0],[25,32],[99,-7],[31,-12],[-29,-50],[12,-70],[28,-36],[-28,-38],[-24,-83],[-30,-63],[11,-29],[-24,-36],[-11,-49]]],"transform":{"scale":[0.00040683562802079805,0.00033832838984314604],"translate":[151.16108559633872,-33.724890350463106]},"objects":{"nswpol-maps-2013-p100-alldistricts":{"type":"GeometryCollection","geometries":[{"arcs":[[0]],"type":"Polygon","properties":{"ID":61,"Name":"Pittwater","Electors":51583,"ProjectedPopulation":52503,"Members":1,"ElectorDeviation":-0.0780676,"ProjectedDeviation":-0.50526}}]}}}