{"type":"Topology","arcs":[[[1922,35],[-147,24],[4,26],[-77,13],[8,54],[-240,39],[-21,-44],[-199,32],[-20,-138],[-13,-9],[-85,14],[-20,-16],[-65,11],[-7,-41],[-167,26],[5,31],[-166,30],[6,44],[-145,24],[-5,-41],[-112,18],[-82,21],[-32,-15],[-32,72],[-54,74],[10,25],[85,25],[18,24],[32,88],[49,53],[45,4],[45,31],[18,45],[21,17],[77,-29],[55,43],[6,17],[44,37],[21,31],[51,24],[30,-6],[22,126],[-10,44],[-83,40],[-1,18],[-64,32],[-23,36],[-73,12],[-20,16],[-3,37],[-39,51],[14,85],[-59,98],[-33,29],[-4,76],[-17,20],[10,63],[-18,30],[-53,36],[2,31],[127,-21],[1,12],[166,-27],[30,197],[-100,15],[3,29],[-87,32],[-37,32],[-2,43],[125,59],[60,34],[13,40],[2,52],[29,78],[60,49],[80,4],[71,27],[34,64],[7,60],[-16,116],[-32,63],[13,26],[-26,16],[-71,-33],[19,-52],[-8,-49],[-18,-40],[-88,-51],[-79,6],[-32,19],[-44,-53],[-54,-13],[-66,-70],[-59,-5],[-50,35],[-55,-32],[-38,41],[-69,-1],[-27,39],[-78,53],[3,30],[-44,23],[-25,75],[-1,95],[40,181],[-20,25],[-68,18],[63,29],[27,30],[62,28],[45,40],[22,0],[46,27],[1,60],[54,91],[41,57],[78,91],[74,25],[28,29],[25,77],[29,4],[70,62],[23,39],[58,54],[67,28],[53,11],[20,20],[66,15],[21,30],[-5,36],[64,92],[35,62],[41,7],[25,46],[20,14],[47,-17],[45,17],[460,-222],[28,-21],[56,60],[21,37],[102,49],[15,-45],[29,-25],[26,-102],[33,-103],[31,-67],[66,-97],[-23,-44],[-15,-95],[-6,-113],[2,-112],[10,-66],[33,-129],[28,-55],[31,-36],[87,-45],[-71,-320],[-51,-274],[-12,-88],[-12,-173],[15,-68],[33,-24],[-11,-148],[2,-82],[16,-65],[22,3],[16,-37],[-24,-20],[-37,-93],[-66,-278],[-24,-127],[0,-57],[-38,-120],[-50,-273],[-27,-196],[-18,-232]]],"transform":{"scale":[0.00009840421330832039,0.00008202951996006687],"translate":[153.3634454539616,-28.480052158817152]},"objects":{"nswpol-maps-2013-p100-alldistricts":{"type":"GeometryCollection","geometries":[{"arcs":[[0]],"type":"Polygon","properties":{"ID":1,"Name":"Tweed","Electors":50399,"ProjectedPopulation":51698,"Members":1,"ElectorDeviation":-2.37161,"ProjectedDeviation":-2.03076}}]}}}