{"type":"Topology","arcs":[[[1744,196],[-39,-87],[-16,-103],[-209,-6],[-118,0],[-35,78],[2,77],[-17,29],[-58,10],[-85,-1],[-112,15],[-109,-2],[-90,-26],[-67,-3],[-42,22],[-33,36],[-21,67],[-12,15],[-59,21],[-51,52],[-22,4],[-32,-16],[-31,-50],[-50,-59],[-47,-25],[-48,1],[-61,12],[-70,4],[-56,12],[-70,-8],[-28,11],[-17,59],[-37,53],[-4,32],[22,39],[31,12],[44,0],[30,11],[8,24],[-29,32],[-28,54],[2,25],[111,66],[24,58],[41,26],[1,47],[-71,120],[-1,80],[14,42],[-6,40],[7,95],[82,-10],[42,4],[356,115],[72,-5],[80,-40],[42,-12],[72,15],[99,-138],[123,-178],[171,-239],[17,-19],[132,-184],[22,-84],[70,-108],[5,25],[40,-33],[25,-6],[15,-28],[49,-56],[30,-14]]],"transform":{"scale":[0.000051635264317560626,0.00004307981784118252],"translate":[151.03173824126333,-34.00345257864834]},"objects":{"nswpol-maps-2013-p100-alldistricts":{"type":"GeometryCollection","geometries":[{"arcs":[[0]],"type":"Polygon","properties":{"ID":80,"Name":"Oatley","Electors":52636,"ProjectedPopulation":53709,"Members":1,"ElectorDeviation":1.96171,"ProjectedDeviation":1.78015}}]}}}