{"type":"Topology","arcs":[[[2295,2],[-23,-2],[-69,112],[-23,13],[-4,38],[-73,-1],[-32,38],[2,32],[65,246],[0,30],[-28,36],[-47,26],[-66,62],[-150,67],[-31,-2],[-33,18],[-71,15],[-34,28],[-142,190],[-12,40],[-37,-2],[-20,-35],[-30,-21],[-40,-1],[-16,49],[-30,13],[-6,65],[18,61],[-94,11],[-49,-33],[-60,111],[-36,-4],[-51,-36],[-143,52],[-41,-8],[-63,-31],[-83,8],[-35,-8],[-50,14],[-41,-14],[-65,-42],[-38,-43],[-33,33],[-27,4],[-32,-32],[-61,47],[-23,-12],[-6,-34],[-39,2],[-13,28],[-43,15],[-37,-58],[-78,-5],[-52,-18],[-19,-73],[-39,8],[-12,36],[66,149],[489,1091],[569,1268],[1,12],[18,4],[36,-40],[21,-56],[-3,-72],[41,-81],[12,-70],[69,-110],[77,-70],[69,-25],[70,-44],[27,-2],[59,-28],[102,-29],[109,-6],[101,-11],[39,-27],[23,4],[38,-40],[-128,-54],[-65,-143],[-16,-18],[-96,-100],[-11,-53],[-27,-34],[-53,-37],[-51,-154],[40,-30],[30,-61],[50,-27],[11,-28],[46,-42],[64,-45],[78,7],[53,-27],[24,-1],[33,-32],[-73,-30],[-77,-19],[-46,-41],[-38,-19],[-41,-40],[91,-33],[93,8],[-1,-49],[21,-42],[-3,-105],[19,-18],[75,-33],[15,37],[-45,38],[-14,52],[18,40],[44,-21],[103,56],[108,-10],[16,-41],[22,7],[92,-52],[86,-12],[76,17],[2,-75],[-74,-22],[-63,7],[-6,-31],[9,-71],[-20,-81],[-9,-67],[-20,-74],[-53,-20],[-7,-37],[20,-33],[49,-29],[11,-36],[38,0],[2,-56],[-44,-71],[-21,-95],[16,-52],[30,9],[11,-39],[-52,-38],[-1,-77],[35,-35],[-15,-16],[26,-38],[42,-3],[-39,-43],[16,-68],[47,-43],[37,-16],[54,14],[60,-12],[37,16],[62,-49],[-15,-29],[-47,-5],[-31,-21],[-54,37],[-23,-53],[-38,-4],[2,-43],[-89,-19],[-33,45],[-30,5],[-40,-16],[8,-57],[-45,-6],[-54,-48],[-2,-70],[45,-72],[5,-24]]],"transform":{"scale":[0.00009840931985105475,0.00008202608992065724],"translate":[150.6351186962401,-34.62805910135705]},"objects":{"nswpol-maps-2013-p100-alldistricts":{"type":"GeometryCollection","geometries":[{"arcs":[[0]],"type":"Polygon","properties":{"ID":36,"Name":"Shellharbour","Electors":54582,"ProjectedPopulation":55406,"Members":1,"ElectorDeviation":5.73132,"ProjectedDeviation":4.99601}}]}}}