{"type":"Topology","arcs":[[[1347,131],[-33,35],[-30,-2],[-47,-23],[-82,-12],[-35,10],[-24,21],[-38,-1],[-29,-23],[-72,-101],[-68,-35],[-27,3],[-50,27],[-43,-5],[-13,16],[-19,58],[-32,-19],[-25,-43],[-42,-21],[-60,29],[-37,61],[7,28],[70,63],[-14,25],[-66,55],[-53,83],[-29,38],[-32,20],[-85,-5],[-49,21],[-17,63],[16,72],[35,59],[-17,38],[-75,45],[-51,6],[-34,15],[-56,113],[-21,31],[-52,31],[-18,21],[5,54],[29,31],[13,41],[-3,40],[-15,35],[-3,50],[22,43],[63,41],[33,6],[78,-30],[27,24],[-4,33],[-36,59],[-33,66],[-28,90],[-2,61],[13,102],[-18,26],[-8,65],[21,12],[34,-47],[15,-5],[68,-17],[27,23],[7,-44],[173,43],[68,-45],[139,-24],[1,6],[133,-20],[-14,-87],[41,1],[41,11],[264,-45],[15,1],[-32,-188],[-10,-13],[-39,6],[-21,-132],[-24,-2],[-9,-59],[93,-16],[61,33],[168,-19],[54,18],[2,-29],[23,-45],[-11,-61],[3,-38],[21,-34],[4,-76],[28,-53],[1,-50],[-9,-40],[-7,-95],[6,-40],[-14,-41],[1,-81],[71,-120],[-1,-46],[-41,-27],[-24,-58],[-111,-66],[-2,-25]]],"transform":{"scale":[0.000051635264317553646,0.00004307495439017972],"translate":[150.9662038955233,-33.9835982583125]},"objects":{"nswpol-maps-2013-p100-alldistricts":{"type":"GeometryCollection","geometries":[{"arcs":[[0]],"type":"Polygon","properties":{"ID":79,"Name":"East Hills","Electors":52067,"ProjectedPopulation":53168,"Members":1,"ElectorDeviation":0.859494,"ProjectedDeviation":0.754935}}]}}}