{"type":"Topology","arcs":[[[577,0],[-59,23],[-122,33],[-66,-2],[-68,10],[-76,23],[-33,-1],[18,61],[-70,255],[-70,63],[-11,20],[-2,111],[-18,50],[26,73],[-13,39],[148,47],[43,9],[-43,177],[210,54],[-13,-84],[56,1],[30,-18],[15,30],[61,24],[40,58],[-3,48],[-11,24],[15,47],[-3,54],[42,35],[16,38],[-1,32],[79,75],[39,-4],[61,27],[77,-14],[34,16],[79,12],[56,-27],[27,-111],[-8,-25],[40,-19],[8,-23],[27,-10],[37,-47],[38,4],[81,-7],[23,-13],[-5,-39],[54,-13],[0,-47],[-14,-35],[-172,-198],[209,-194],[-6,-13],[-106,-118],[-8,9],[-173,-198],[-30,21],[-88,-101],[-33,26],[-84,-96],[0,-10],[-86,-3],[-35,20],[-14,-30],[-101,-116],[-44,-33]]],"transform":{"scale":[0.00005162215611203596,0.00004305983457402351],"translate":[151.06504510874532,-33.823520120485945]},"objects":{"nswpol-maps-2013-p100-alldistricts":{"type":"GeometryCollection","geometries":[{"arcs":[[0]],"type":"Polygon","properties":{"ID":65,"Name":"Ryde","Electors":52589,"ProjectedPopulation":53384,"Members":1,"ElectorDeviation":1.87066,"ProjectedDeviation":1.16426}}]}}}