{"type":"Topology","arcs":[[[202,45],[-57,-12],[-49,-33],[-11,16],[-76,8],[-9,51],[42,93],[70,-3],[27,38],[13,-39],[32,-33],[18,-86]]],"transform":{"scale":[0.0004069472804341013,0.00033785220632472795],"translate":[150.99086262023337,-33.83501113579785]},"objects":{"nswpol-maps-2013-p100-alldistricts":{"type":"GeometryCollection","geometries":[{"arcs":[[0]],"type":"Polygon","properties":{"ID":73,"Name":"Parramatta","Electors":52395,"ProjectedPopulation":53358,"Members":1,"ElectorDeviation":1.49487,"ProjectedDeviation":1.11499}}]}}}