{"type":"Topology","arcs":[[[356,72],[11,-45],[-34,-27],[-90,45],[-37,41],[-67,25],[-46,81],[-43,40],[-50,19],[74,132],[46,-24],[31,3],[7,-58],[48,-44],[121,-8],[31,16],[15,-38],[10,-96],[-28,6],[-18,-48],[19,-20]]],"transform":{"scale":[0.00040698737573732947,0.00033796402443441093],"translate":[150.87414937237983,-33.7413118710832]},"objects":{"nswpol-maps-2013-p100-alldistricts":{"type":"GeometryCollection","geometries":[{"arcs":[[0]],"type":"Polygon","properties":{"ID":60,"Name":"Castle Hill","Electors":50201,"ProjectedPopulation":52469,"Members":1,"ElectorDeviation":-2.75515,"ProjectedDeviation":-0.569691}}]}}}