{"type":"Topology","arcs":[[[960,27],[-111,-9],[-72,6],[-39,-17],[-56,-3],[-34,16],[-43,57],[-21,2],[-100,-35],[-27,-23],[-56,-21],[-42,53],[-64,-13],[-27,36],[-67,23],[-28,23],[-48,4],[-32,46],[-37,10],[-25,58],[-31,43],[75,79],[72,12],[43,50],[18,-14],[46,53],[15,-11],[90,104],[64,64],[-109,101],[90,105],[7,44],[39,5],[-5,-50],[59,-53],[25,-30],[4,-76],[11,-27],[41,47],[45,-21],[14,-98],[-46,-3],[-15,19],[-72,-11],[8,-41],[207,-37],[57,-18],[53,25],[26,-17],[-30,-43],[11,-17],[71,41],[78,-58],[24,-107],[8,-60],[-62,-48],[-29,-109],[27,-56]]],"transform":{"scale":[0.00009836370228916147,0.00008194713104911345],"translate":[151.094905267807,-33.84670759163417]},"objects":{"nswpol-maps-2013-p100-alldistricts":{"type":"GeometryCollection","geometries":[{"arcs":[[0]],"type":"Polygon","properties":{"ID":66,"Name":"Lane Cove","Electors":52292,"ProjectedPopulation":53157,"Members":1,"ElectorDeviation":1.29534,"ProjectedDeviation":0.73409}}]}}}