{"type":"Topology","arcs":[[[835,175],[-26,33],[-60,20],[-43,-84],[-47,-43],[-68,-34],[-54,101],[-38,10],[-41,-74],[-53,-59],[-78,-45],[-73,8],[-17,32],[17,68],[-52,45],[-43,8],[7,41],[-75,33],[7,42],[-31,21],[-23,47],[16,86],[-48,23],[-12,32],[24,61],[-16,34],[17,46],[-16,41],[45,55],[68,60],[33,5],[11,118],[71,11],[49,19],[39,-41],[3,-20],[52,-30],[7,-32],[55,-29],[9,-118],[23,-37],[21,-70],[-5,-30],[98,-28],[40,-22],[23,27],[65,21],[53,-22],[26,-16],[-38,-55],[28,-29],[21,-58],[73,2],[14,-37],[19,-89],[-77,-48]]],"transform":{"scale":[0.00040730930321334133,0.0003381589318240212],"translate":[151.19908525843059,-33.364904859222634]},"objects":{"nswpol-maps-2013-p100-alldistricts":{"type":"GeometryCollection","geometries":[{"arcs":[[0]],"type":"Polygon","properties":{"ID":34,"Name":"Wyong","Electors":50066,"ProjectedPopulation":51601,"Members":1,"ElectorDeviation":-3.01666,"ProjectedDeviation":-2.21458}}]}}}