{"type":"Topology","arcs":[[[3284,445],[-1355,25],[-31,26],[-35,6],[-133,73],[-196,70],[-44,-98],[-70,-106],[-90,-112],[-226,-247],[-234,-64],[-65,-18],[-280,171],[-294,187],[31,202],[76,171],[105,226],[-102,103],[-56,94],[-2,80],[-17,44],[-19,22],[-49,36],[72,58],[228,191],[162,133],[201,169],[21,35],[67,380],[-9,36],[-69,91],[-204,283],[-99,139],[-54,52],[-50,71],[-16,9],[-64,-12],[-24,4],[-24,27],[-34,69],[-31,29],[-83,12],[-37,29],[-98,127],[-8,74],[-15,15],[-30,12],[16,7],[59,-12],[21,4],[28,26],[44,25],[35,53],[70,53],[74,29],[31,34],[57,43],[27,11],[54,5],[36,-2],[77,-14],[49,-13],[18,-12],[59,-13],[33,16],[27,67],[22,1],[27,-16],[68,-6],[29,39],[34,75],[29,25],[23,3],[18,-13],[62,2],[36,-26],[52,43],[33,9],[34,-1],[44,-11],[122,-22],[48,2],[21,9],[53,45],[23,13],[6,21],[10,-27],[28,-46],[20,-50],[29,-40],[-1,-21],[-23,-50],[11,-34],[47,-25],[107,-45],[15,-87],[14,-105],[-6,-68],[-30,-149],[-14,-80],[23,-39],[22,-16],[99,-47],[38,-21],[65,-49],[29,-44],[128,-126],[167,-157],[87,-411],[20,-83],[62,-318],[636,-283],[10,-21],[92,-957],[0,-24]]],"transform":{"scale":[0.00002644313065613765,0.000022075449189303247],"translate":[151.1128558015697,-34.01112190347803]},"objects":{"nswpol-maps-2013-p100-alldistricts":{"type":"GeometryCollection","geometries":[{"arcs":[[0]],"type":"Polygon","properties":{"ID":82,"Name":"Rockdale","Electors":51402,"ProjectedPopulation":52084,"Members":1,"ElectorDeviation":-0.428684,"ProjectedDeviation":-1.29928}}]}}}