{"type":"Topology","arcs":[[[1006,335],[40,-77],[39,-20],[-71,-36],[-16,44],[-39,6],[-11,-53],[-46,-40],[-28,24],[-23,-17],[-52,-15],[-14,11],[-54,-49],[-22,-49],[-25,-11],[-45,-53],[-91,13],[-10,42],[-47,78],[-33,29],[-33,9],[-8,64],[-34,54],[-13,75],[-55,8],[-61,-34],[-14,-27],[-81,-32],[-21,-32],[-19,-74],[-41,23],[-78,59],[33,64],[1,63],[-18,56],[4,34],[-12,73],[64,41],[-4,49],[26,49],[78,191],[111,253],[63,127],[9,56],[64,3],[33,22],[41,7],[133,-26],[168,-44],[115,-22],[102,-10],[80,27],[97,63],[31,-19],[55,-4],[-9,-29],[12,-115],[-22,-175],[-12,-32],[-22,-113],[7,-80],[39,-31],[-15,-28],[-61,-29],[-34,-38],[6,-51],[38,-86],[-62,-28],[-28,-1],[-43,24],[7,68],[-13,23],[1,72],[-38,0],[-18,-164],[-6,-119],[5,-41]]],"transform":{"scale":[0.00009840407823573903,0.00008199073505571288],"translate":[150.78766652909474,-34.05954507936892]},"objects":{"nswpol-maps-2013-p100-alldistricts":{"type":"GeometryCollection","geometries":[{"arcs":[[0]],"type":"Polygon","properties":{"ID":53,"Name":"Macquarie Fields","Electors":51371,"ProjectedPopulation":52573,"Members":1,"ElectorDeviation":-0.488735,"ProjectedDeviation":-0.372608}}]}}}