{"type":"Topology","arcs":[[[1656,0],[-3,25],[-14,10],[-14,37],[4,41],[-18,43],[22,44],[-15,33],[-50,35],[9,14],[-19,34],[28,43],[-9,38],[-29,40],[-20,82],[-13,25],[-45,35],[-24,4],[-26,20],[-51,27],[-59,42],[-33,8],[-29,-19],[-812,15],[0,24],[-92,957],[-10,21],[2,17],[-38,285],[-147,680],[47,61],[-11,48],[48,63],[-37,35],[-49,57],[-38,57],[-43,87],[-64,168],[-4,15],[67,20],[43,20],[26,24],[20,38],[7,68],[17,53],[20,30],[43,36],[59,29],[12,-3],[76,36],[38,14],[83,18],[51,3],[106,-6],[60,8],[54,19],[45,27],[23,30],[157,269],[28,64],[55,93],[200,-32],[71,-2],[143,28],[17,33],[68,-8],[163,-27],[186,-31],[-55,-326],[392,-64],[-22,-129],[-8,-25],[27,-3],[10,32],[102,4],[61,-15],[43,2],[37,-25],[57,6],[45,-9],[8,93],[128,-21],[0,-11],[-40,-14],[-28,-20],[20,-39],[29,-26],[85,-28],[51,-55],[52,-42],[-15,-26],[-48,-29],[-24,-41],[-41,-35],[-21,-31],[-26,-15],[-30,-4],[-41,5],[-15,-6],[-18,-27],[-22,-75],[-16,-66],[-12,-111],[4,-33],[14,-29],[46,-50],[22,-7],[79,-45],[39,-54],[49,-40],[28,-13],[49,-56],[-2,-22],[-70,-38],[-32,-48],[16,-15],[25,-46],[32,-29],[9,-30],[1,-38],[8,-10],[25,-91],[-2,-49],[-14,-27],[-62,1],[-85,30],[-50,4],[-34,16],[-36,38],[-27,41],[-34,16],[-16,21],[-24,8],[-41,1],[-54,36],[-20,-1],[-25,-20],[-16,-26],[69,-89],[18,-60],[20,-26],[29,-17],[39,-49],[44,-61],[13,-54],[-11,-16],[35,-52],[15,-30],[1,-36],[-13,-26],[-16,-8],[-7,-22],[-84,-8],[-7,-27],[-24,-5],[-29,-17],[-47,-16],[-26,7],[-39,-19],[0,-28],[22,-34],[25,4],[37,-14],[24,-63],[-26,-20],[25,-15],[3,-31],[-29,-78],[-14,-6],[-6,-36],[-30,-22],[-2,-37],[17,-21],[3,-49],[-13,-11],[33,-47],[-7,-19],[10,-35],[-37,-73],[3,-17],[-21,-35],[-9,-47],[4,-24],[-41,-28],[-11,-60],[-28,-50],[12,-19],[-11,-21],[1,-27],[16,-24],[-6,-35],[-20,-16],[-24,15],[-16,-10],[-606,-652],[-7,-5]]],"transform":{"scale":[0.000026439719185118704,0.000022077865720427805],"translate":[151.18816046867798,-34.016212120369445]},"objects":{"nswpol-maps-2013-p100-alldistricts":{"type":"GeometryCollection","geometries":[{"arcs":[[0]],"type":"Polygon","properties":{"ID":87,"Name":"Maroubra","Electors":50270,"ProjectedPopulation":52062,"Members":1,"ElectorDeviation":-2.62149,"ProjectedDeviation":-1.34097}}]}}}