{"type":"Topology","arcs":[[[287,38],[-27,-38],[-70,3],[-7,33],[-91,-11],[-40,53],[-52,145],[67,-25],[37,-41],[90,-45],[34,27],[58,-32],[1,-69]]],"transform":{"scale":[0.00040666636882766315,0.00033787354480804425],"translate":[150.9307611138636,-33.77930676192969]},"objects":{"nswpol-maps-2013-p100-alldistricts":{"type":"GeometryCollection","geometries":[{"arcs":[[0]],"type":"Polygon","properties":{"ID":63,"Name":"Baulkham Hills","Electors":52074,"ProjectedPopulation":52871,"Members":1,"ElectorDeviation":0.873053,"ProjectedDeviation":0.192111}}]}}}