{"type":"Topology","arcs":[[[1129,0],[-44,22],[-74,23],[-133,34],[-103,30],[-131,-5],[-66,6],[-66,15],[-149,43],[-63,-1],[4,41],[32,50],[-2,28],[-121,436],[-15,63],[-137,121],[-22,40],[-3,215],[-26,51],[-10,49],[12,47],[25,40],[14,54],[-24,75],[288,92],[83,17],[-82,346],[410,104],[-25,-161],[109,1],[6,-57],[51,23],[30,57],[25,16],[57,13],[35,19],[60,75],[16,13],[4,24],[-18,33],[12,62],[-23,46],[6,29],[21,37],[3,27],[-13,61],[6,43],[54,31],[32,37],[30,73],[-1,64],[24,36],[55,36],[73,75],[28,8],[49,-16],[50,13],[44,32],[24,7],[27,-8],[30,2],[66,-23],[28,1],[67,32],[76,15],[77,9],[43,-11],[35,-33],[32,-10],[23,-33],[1,-65],[18,-38],[11,-80],[-15,-49],[7,-18],[34,2],[36,-21],[16,-45],[33,-3],[20,-15],[15,-32],[56,-61],[38,-14],[37,23],[43,1],[114,-15],[46,-26],[11,-14],[-2,-24],[-27,-14],[8,-24],[28,-7],[55,-5],[22,-12],[0,-94],[-26,-68],[-77,-92],[-39,-43],[-145,-169],[-75,-83],[180,-167],[186,-172],[41,-37],[-11,-25],[-168,-189],[-40,-42],[-17,16],[-335,-386],[-59,41],[-172,-196],[-10,1],[-55,50],[-163,-189],[0,-18],[-46,-3],[-63,4],[-34,-13],[-26,6],[-36,33],[-31,6],[-29,-58],[-153,-176],[-43,-52],[-84,-63]]],"transform":{"scale":[0.000026443713250607418,0.000022074627270027498],"translate":[151.06502823171334,-33.82351105233727]},"objects":{"nswpol-maps-2013-p100-alldistricts":{"type":"GeometryCollection","geometries":[{"arcs":[[0]],"type":"Polygon","properties":{"ID":65,"Name":"Ryde","Electors":52589,"ProjectedPopulation":53384,"Members":1,"ElectorDeviation":1.87066,"ProjectedDeviation":1.16426}}]}}}