{"type":"Topology","arcs":[[[2817,0],[-96,46],[-55,18],[-62,15],[-88,3],[-153,-20],[-88,-1],[-58,13],[-123,49],[-66,34],[-151,77],[-31,9],[-158,32],[-44,12],[-49,23],[-45,27],[-58,51],[-41,58],[-54,100],[-19,51],[-14,70],[-12,112],[-18,220],[-13,61],[-18,52],[-48,-43],[-34,-48],[-158,32],[-4,-1],[-524,-418],[-16,-5],[-38,15],[-92,-25],[-23,-44],[-70,55],[-44,17],[-51,27],[-57,81],[-13,12],[-25,3],[-2,64],[-1,64],[12,49],[42,79],[15,34],[6,42],[-2,34],[-23,92],[3,84],[-6,58],[17,15],[44,85],[67,88],[28,29],[138,-18],[58,7],[162,30],[52,-5],[46,70],[51,50],[36,24],[-33,87],[-22,19],[-225,35],[3,40],[-29,49],[-4,47],[31,124],[2,42],[33,1],[2,75],[-13,48],[-1,26],[17,64],[0,52],[13,52],[-28,10],[-128,22],[-28,14],[-13,17],[-52,97],[-98,60],[-120,67],[-156,10],[15,109],[36,222],[16,90],[97,-29],[333,-109],[159,-60],[145,-67],[73,-38],[136,-81],[132,-92],[104,-82],[113,-98],[14,-33],[65,-59],[62,-64],[59,-69],[75,-103],[32,-51],[209,-349],[28,-38],[45,-48],[45,-32],[42,-23],[44,-17],[80,-15],[41,0],[110,13],[193,29],[94,23],[91,27],[116,40],[97,31],[86,23],[123,36],[71,15],[178,27],[21,-45],[2,-25],[-8,-37],[13,-39],[44,-36],[-3,-18],[-62,-74],[-5,-42],[13,-46],[-4,-38],[-24,-35],[-2,-21],[26,-9],[34,13],[37,2],[22,-59],[47,-65],[14,-26],[5,-38],[-10,-51],[-14,-18],[-55,-33],[-26,-42],[-24,-74],[1,-34],[-10,-22],[-18,3],[-38,44],[-53,25],[-39,6],[-50,29],[-20,3],[-29,-20],[-6,-38],[36,-34],[43,-49],[-4,-104],[-23,-15],[-24,1],[-6,-43],[24,-49],[-31,-51],[-9,-51],[-5,-75],[-8,-24],[-26,-28],[-24,-2],[-35,-28],[-17,-36],[-20,-85],[25,-75],[9,-13],[40,-22],[-46,-33],[-37,23],[-72,-80],[-111,-198]]],"transform":{"scale":[0.000026439782677716893,0.000022076580085605178],"translate":[150.9163457256422,-33.80958457149149]},"objects":{"nswpol-maps-2013-p100-alldistricts":{"type":"GeometryCollection","geometries":[{"arcs":[[0]],"type":"Polygon","properties":{"ID":72,"Name":"Seven Hills","Electors":52385,"ProjectedPopulation":53177,"Members":1,"ElectorDeviation":1.47549,"ProjectedDeviation":0.77199}}]}}}