{"type":"Topology","arcs":[[[642,0],[-126,23],[-80,9],[11,42],[-65,11],[-30,-70],[-73,29],[-39,47],[-75,4],[-34,17],[-35,60],[-32,100],[-64,91],[15,50],[21,7],[30,73],[25,42],[13,117],[45,57],[71,-14],[159,-8],[253,-43],[-18,-114],[42,-3],[59,-34],[25,-35],[42,-7],[-5,-87],[-18,-44],[8,-37],[61,-10],[14,-27],[-36,-40],[-73,-8],[-37,5],[-41,-58],[5,-85],[-18,-60]]],"transform":{"scale":[0.00009833794280964541,0.00008200642699713417],"translate":[150.85595262796514,-33.791163584915154]},"objects":{"nswpol-maps-2013-p100-alldistricts":{"type":"GeometryCollection","geometries":[{"arcs":[[0]],"type":"Polygon","properties":{"ID":51,"Name":"Blacktown","Electors":51350,"ProjectedPopulation":52709,"Members":1,"ElectorDeviation":-0.529414,"ProjectedDeviation":-0.114884}}]}}}