{"type":"Topology","arcs":[[[456,0],[-49,51],[-38,7],[-36,57],[-11,44],[-168,232],[-117,167],[-37,73],[77,33],[118,6],[97,40],[72,0],[41,-61],[33,-11],[17,-27],[30,-5],[32,-36],[103,-147],[-24,-112],[-178,-149],[24,-48],[42,-54],[-28,-60]]],"transform":{"scale":[0.00009835510996477721,0.00008200529778754129],"translate":[151.07698138450863,-33.994987352261276]},"objects":{"nswpol-maps-2013-p100-alldistricts":{"type":"GeometryCollection","geometries":[{"arcs":[[0]],"type":"Polygon","properties":{"ID":81,"Name":"Kogarah","Electors":52650,"ProjectedPopulation":53315,"Members":1,"ElectorDeviation":1.98883,"ProjectedDeviation":1.0335}}]}}}