{"type":"Topology","arcs":[[[906,355],[-52,-12],[-41,-40],[-8,-37],[-23,-18],[-7,-53],[8,-37],[-21,-31],[-84,-20],[6,44],[-110,-28],[22,-93],[-100,-30],[-22,5],[-47,61],[-13,29],[-54,42],[-12,110],[-37,50],[13,112],[-11,39],[24,79],[-31,54],[-116,59],[-30,5],[-55,62],[-37,8],[-68,20],[14,38],[-1,78],[9,52],[52,77],[107,-4],[40,9],[6,20],[62,7],[58,21],[24,24],[29,-26],[27,27],[79,-1],[2,-64],[-43,-33],[-2,-22],[-42,-44],[-23,-36],[4,-51],[31,-51],[-7,-29],[-29,-21],[138,-99],[-4,-33],[23,-25],[42,-13],[61,-48],[35,5],[54,-19],[76,2],[25,-16],[50,-50],[9,-55]]],"transform":{"scale":[0.00009838008216964154,0.00008197221831979081],"translate":[151.01687792801354,-33.790919970850595]},"objects":{"nswpol-maps-2013-p100-alldistricts":{"type":"GeometryCollection","geometries":[{"arcs":[[0]],"type":"Polygon","properties":{"ID":64,"Name":"Epping","Electors":53460,"ProjectedPopulation":53891,"Members":1,"ElectorDeviation":3.55789,"ProjectedDeviation":2.12504}}]}}}