{"type":"Topology","arcs":[[[943,467],[-19,-16],[5,-49],[-75,-102],[7,-55],[43,-60],[-37,-71],[19,-29],[-17,-72],[-31,13],[-99,6],[-25,-32],[-63,0],[-24,44],[17,69],[-40,6],[-55,-15],[-34,7],[-20,83],[-23,12],[-37,-50],[-9,76],[-32,75],[-49,22],[-27,-9],[-27,-44],[-26,7],[-39,62],[-31,14],[-49,73],[-29,7],[1,62],[-37,19],[-45,-4],[-36,79],[37,70],[46,-8],[81,38],[38,2],[52,37],[15,46],[0,77],[-10,52],[41,110],[-20,31],[-5,80],[11,92],[-3,54],[19,48],[69,54],[37,-10],[31,-34],[96,-42],[17,-42],[-18,-45],[17,-35],[-24,-61],[12,-31],[48,-23],[-16,-86],[22,-47],[32,-21],[-7,-42],[74,-33],[-6,-41],[43,-8],[52,-46],[-17,-67],[17,-33],[73,-7],[22,-47],[-7,-29],[25,-41],[-10,-23],[59,-17]]],"transform":{"scale":[0.00040707755828050873,0.00033811349693040266],"translate":[150.9846585937694,-33.57580870248069]},"objects":{"nswpol-maps-2013-p100-alldistricts":{"type":"GeometryCollection","geometries":[{"arcs":[[0]],"type":"Polygon","properties":{"ID":94,"Name":"Gosford","Electors":52207,"ProjectedPopulation":52756,"Members":1,"ElectorDeviation":1.13069,"ProjectedDeviation":-0.0258172}}]}}}