{"type":"Topology","arcs":[[[1854,651],[-10,3],[-290,48],[-70,-99],[-65,-54],[-20,-6],[-62,3],[-26,-21],[-6,-39],[-67,-105],[-31,-36],[-10,-26],[3,-61],[19,-90],[-54,-32],[-54,21],[-30,-36],[-40,-60],[-53,-26],[-76,11],[-154,29],[-78,57],[-133,25],[-24,-140],[-182,-17],[-97,15],[-54,27],[-7,58],[-26,44],[-52,26],[-105,105],[27,46],[3,39],[-25,57],[6,26],[62,97],[28,27],[76,4],[68,-19],[41,25],[36,79],[16,22],[63,50],[35,39],[-54,81],[-26,61],[-44,130],[2,44],[222,-40],[5,33],[50,15],[40,20],[18,-19],[-9,-65],[105,-19],[32,27],[11,29],[14,90],[14,30],[34,40],[6,37],[-23,60],[-61,93],[-7,57],[27,35],[75,28],[72,-9],[22,13],[21,33],[43,21],[91,-6],[109,-31],[30,13],[17,29],[24,-47],[27,-5],[-17,-40],[25,-60],[30,1],[4,-28],[53,5],[191,-31],[5,31],[242,-37],[7,-47],[25,-93],[38,-59],[19,6],[22,-31],[7,-41],[18,-42],[32,-20],[50,3],[24,10],[26,-10],[32,-46],[38,-17],[-5,-19],[-33,5],[-50,-18],[-32,-2],[-89,-42],[-71,-55],[-44,-41],[-48,-65],[-13,-41],[4,-25],[32,-3],[9,-42]]],"transform":{"scale":[0.000051633759812319844,0.00004306986211821232],"translate":[151.204029321201,-33.78462623594036]},"objects":{"nswpol-maps-2013-p100-alldistricts":{"type":"GeometryCollection","geometries":[{"arcs":[[0]],"type":"Polygon","properties":{"ID":68,"Name":"Wakehurst","Electors":51884,"ProjectedPopulation":53022,"Members":1,"ElectorDeviation":0.505002,"ProjectedDeviation":0.478261}}]}}}