{"type":"Topology","arcs":[[[209,93],[-58,-85],[-16,-8],[-119,20],[-16,15],[13,67],[70,-27],[19,10],[13,64],[31,7],[27,-56],[36,-7]]],"transform":{"scale":[0.00040630436471610776,0.0003364388965655015],"translate":[151.1893914670806,-33.85658450602425]},"objects":{"nswpol-maps-2013-p100-alldistricts":{"type":"GeometryCollection","geometries":[{"arcs":[[0]],"type":"Polygon","properties":{"ID":70,"Name":"North Shore","Electors":50099,"ProjectedPopulation":51733,"Members":1,"ElectorDeviation":-2.95274,"ProjectedDeviation":-1.96443}}]}}}