{"type":"Topology","arcs":[[[5938,125],[-664,107],[-276,47],[-200,206],[-30,-167],[-146,21],[-59,47],[-67,38],[-52,55],[-76,-479],[-21,3],[-308,55],[61,366],[-337,49],[-128,21],[-198,41],[-228,36],[-114,16],[-51,2],[-283,51],[-77,-423],[-137,24],[-194,37],[59,333],[27,138],[2,27],[-130,21],[-63,7],[-137,28],[-14,-80],[-347,63],[99,549],[-166,33],[-253,43],[-194,39],[76,432],[-336,55],[-69,-396],[-493,80],[58,368],[-69,10],[-70,33],[-57,59],[-60,93],[-62,131],[-45,69],[-81,85],[17,93],[25,192],[-27,50],[-43,47],[34,205],[26,171],[24,117],[-7,52],[1,38],[43,63],[39,27],[120,37],[47,40],[51,52],[112,131],[21,88],[15,37],[4,46],[97,218],[26,49],[22,72],[6,106],[-18,35],[-45,51],[65,3],[8,52],[30,-10],[49,-32],[39,-5],[81,76],[16,106],[127,-20],[-25,-159],[59,-8],[322,-55],[50,290],[331,-56],[-9,-53],[30,13],[33,-54],[36,-38],[69,-19],[34,44],[56,48],[41,0],[-17,-108],[654,-109],[122,-25],[49,-5],[506,-87],[402,-73],[210,-38],[-46,-34],[-19,-71],[10,-49],[66,2],[6,-18],[-41,-40],[-18,-35],[-15,-59],[21,-85],[-13,-70],[9,-89],[-14,-20],[-57,22],[-35,32],[-43,-1],[-30,-87],[3,-36],[30,-51],[12,-56],[6,-71],[17,-20],[41,-76],[28,-32],[47,-20],[68,-15],[22,-17],[7,-52],[-10,-61],[-12,-14],[-37,2],[-22,-30],[60,-41],[57,-81],[20,-52],[-8,-84],[9,-25],[28,-7],[61,5],[16,-17],[3,-35],[17,-24],[101,-59],[55,-40],[28,-31],[12,-34],[5,-59],[36,-13],[31,49],[33,27],[36,-2],[94,-23],[58,-6],[45,-28],[43,-63],[15,-128],[-15,-43],[-80,-80],[-11,-25],[24,-23],[11,-33],[38,-33],[90,-17],[37,-13],[21,-19],[94,-134],[69,-132],[54,-75],[63,-38],[55,-8],[49,8],[56,36],[25,44],[49,53],[7,28],[-20,86],[21,38],[34,20],[66,22],[66,4],[32,-14],[53,-67],[51,-20],[79,0],[72,-25],[109,-63],[90,-41],[57,-3],[65,23],[52,31],[33,-22],[9,-43],[-10,-48],[-51,-70],[-22,-44],[1,-39],[17,-41],[89,-76],[23,-60],[1,-38],[-13,-66],[16,-39],[48,-3],[28,31],[44,100],[26,23],[39,12],[59,-4],[49,-35],[8,-23],[-27,-61],[-77,-57],[-59,-57],[-121,-126],[-121,-136],[-98,-183],[-29,-34],[-53,-43],[-67,-35],[-79,-13],[-132,13],[-47,-13],[-30,-33],[-12,-43],[13,-46],[22,-42],[35,-29],[114,-55],[35,-26],[18,-29],[-2,-53],[-24,-47]]],"transform":{"scale":[0.00005163805312119864,0.00004308038692563444],"translate":[151.3990903738154,-32.81047808244294]},"objects":{"nswpol-maps-2013-p100-alldistricts":{"type":"GeometryCollection","geometries":[{"arcs":[[0]],"type":"Polygon","properties":{"ID":27,"Name":"Maitland","Electors":49599,"ProjectedPopulation":51214,"Members":1,"ElectorDeviation":-3.92129,"ProjectedDeviation":-2.94795}}]}}}