{"type":"Topology","arcs":[[[1422,0],[-58,49],[-93,57],[-81,34],[-116,37],[-252,44],[-160,8],[-71,14],[22,44],[-58,44],[16,32],[-45,47],[8,35],[-105,5],[-105,-20],[-14,49],[-47,101],[-63,92],[-121,162],[-79,84],[30,1],[38,22],[-53,44],[-4,56],[43,68],[61,28],[36,29],[53,2],[28,-11],[239,143],[85,-80],[70,-48],[25,-31],[31,-10],[54,2],[101,-35],[56,-48],[31,-46],[64,-43],[25,-26],[48,-93],[104,-148],[38,-99],[155,-430],[13,-26],[51,-139]]],"transform":{"scale":[0.00009837146248570691,0.0000820167350675678],"translate":[150.8124092810392,-33.752916176779685]},"objects":{"nswpol-maps-2013-p100-alldistricts":{"type":"GeometryCollection","geometries":[{"arcs":[[0]],"type":"Polygon","properties":{"ID":50,"Name":"Riverstone","Electors":46970,"ProjectedPopulation":50730,"Members":1,"ElectorDeviation":-9.01395,"ProjectedDeviation":-3.86515}}]}}}