{"type":"Topology","arcs":[[[2744,2928],[-3,-31],[-32,-25],[-2,-39],[-38,-17],[-15,-15],[-7,-32],[-23,-26],[-28,-3],[-17,-26],[34,-26],[11,-20],[-11,-56],[-35,-15],[-18,-37],[9,-48],[-20,-64],[-12,-26],[-2,-85],[9,-27],[-10,-30],[-60,-28],[-26,-28],[-10,-28],[-19,-17],[19,-25],[1,-30],[-39,-54],[-27,-93],[-56,-18],[-11,-12],[19,-63],[1,-31],[-25,-31],[-24,16],[-27,-10],[-44,-96],[-13,-54],[-1,-35],[15,-18],[30,1],[30,-18],[14,-35],[-16,-45],[16,-29],[19,-7],[26,-43],[28,11],[25,-12],[-3,-63],[30,-23],[11,-40],[17,-17],[-32,-30],[-139,-101],[-164,-114],[53,-49],[26,-31],[48,-76],[22,-50],[21,-79],[7,-82],[-3,-55],[-12,-64],[-51,-202],[-76,22],[12,-57],[-9,-75],[-45,-262],[-15,5],[-208,71],[-240,85],[-182,62],[-93,27],[-99,22],[-183,28],[-92,6],[-99,2],[-374,-13],[-3,2],[13,122],[-21,8],[-36,-3],[-19,21],[7,50],[-3,46],[-9,24],[25,31],[-12,31],[-23,-10],[-30,5],[-10,18],[15,67],[29,20],[-69,39],[-12,24],[-19,12],[-37,8],[-12,11],[22,46],[-36,9],[-39,42],[-31,24],[-1,64],[-31,23],[-16,35],[15,11],[-5,27],[29,17],[-38,51],[-13,50],[18,22],[-16,19],[-37,6],[-16,53],[-41,20],[-8,27],[-32,27],[-5,45],[564,-115],[19,124],[55,342],[27,175],[5,22],[-31,35],[-104,105],[-94,102],[-13,23],[31,25],[15,31],[10,54],[3,114],[-81,4],[-6,41],[-48,134],[-18,45],[-7,32],[-7,98],[-8,39],[-13,21],[-98,74],[-44,21],[-20,20],[-59,80],[-18,34],[93,104],[84,174],[351,-55],[668,-102],[2,10],[284,-43],[252,-78],[-27,90],[-5,115],[-3,125],[-4,63],[-3,100],[6,2],[204,38],[78,19],[100,16],[84,0],[157,-19],[109,8],[44,-8],[3,-14],[-19,-42],[-15,-72],[44,-82],[49,-19],[25,7],[23,-26],[28,-55],[4,-41],[-29,3],[-40,-83],[4,-13],[42,-49],[40,10],[40,-43],[53,-21],[41,-44],[-21,-22],[21,-46],[-31,-20],[-27,10],[-22,-5],[6,-38],[-9,-45]]],"transform":{"scale":[0.00002644158969937714,0.000022077293705794103],"translate":[150.79796457177588,-33.797641292031976]},"objects":{"nswpol-maps-2013-p100-alldistricts":{"type":"GeometryCollection","geometries":[{"arcs":[[0]],"type":"Polygon","properties":{"ID":49,"Name":"Mount Druitt","Electors":50116,"ProjectedPopulation":52129,"Members":1,"ElectorDeviation":-2.91981,"ProjectedDeviation":-1.214}}]}}}