{"type":"Topology","arcs":[[[293,19],[-36,-19],[-100,9],[6,35],[-107,16],[15,88],[-49,8],[21,103],[-18,3],[11,64],[-36,75],[32,0],[62,27],[9,61],[-16,39],[-2,55],[30,5],[48,-12],[41,5],[28,-31],[159,-28],[40,-14],[16,-28],[-61,-28],[-19,-36],[14,-23],[16,-106],[-87,-38],[-51,-52],[16,-52],[8,-72],[17,-25],[-7,-29]]],"transform":{"scale":[0.00009828410864174219,0.00008203330745289861],"translate":[151.23235417723092,-33.937819251778535]},"objects":{"nswpol-maps-2013-p100-alldistricts":{"type":"GeometryCollection","geometries":[{"arcs":[[0]],"type":"Polygon","properties":{"ID":88,"Name":"Coogee","Electors":51336,"ProjectedPopulation":52331,"Members":1,"ElectorDeviation":-0.556534,"ProjectedDeviation":-0.831205}}]}}}