{"type":"Topology","arcs":[[[692,149],[-31,-66],[-3,-59],[-39,-24],[-183,33],[14,42],[-9,63],[-120,19],[-51,16],[-13,-58],[-130,21],[-35,41],[-35,14],[-47,9],[-10,29],[30,56],[48,35],[57,102],[40,46],[55,-46],[55,-17],[81,6],[92,-3],[90,-20],[102,-19],[-2,-69],[70,-21],[-26,-130]]],"transform":{"scale":[0.0004071932411070273,0.0003378149247723142],"translate":[150.58798865172895,-33.92227058850462]},"objects":{"nswpol-maps-2013-p100-alldistricts":{"type":"GeometryCollection","geometries":[{"arcs":[[0]],"type":"Polygon","properties":{"ID":46,"Name":"Mulgoa","Electors":49537,"ProjectedPopulation":51325,"Members":1,"ElectorDeviation":-4.04139,"ProjectedDeviation":-2.7376}}]}}}