{"type":"Topology","arcs":[[[2109,801],[-58,-60],[-87,31],[-30,-5],[29,-104],[-62,-1],[-100,15],[-12,-102],[-256,-575],[-110,25],[-35,-12],[-90,46],[-18,30],[-51,-57],[-108,-17],[-17,28],[-55,21],[-80,-20],[-18,-37],[-37,9],[10,64],[-57,24],[2,51],[33,63],[-65,31],[24,111],[-24,85],[38,13],[60,82],[-6,54],[-45,97],[-70,17],[-9,36],[14,89],[-10,45],[-148,24],[-21,-3],[-39,39],[-16,-36],[-49,-6],[-33,-141],[-61,-86],[-86,-11],[-51,24],[-43,41],[-71,34],[-80,18],[-20,51],[18,39],[-25,37],[21,29],[9,91],[-43,72],[-1,40],[-70,5],[9,45],[41,27],[166,-52],[18,37],[-19,50],[33,54],[-6,32],[73,26],[-11,59],[29,25],[31,57],[107,76],[79,136],[-60,13],[-17,30],[-51,-39],[-34,16],[-25,98],[12,29],[-34,28],[74,35],[27,9],[87,-20],[79,57],[39,43],[57,17],[56,-34],[31,37],[36,5],[27,120],[127,-20],[-20,-65],[11,-27],[-21,-51],[38,-42],[13,-36],[46,-2],[59,-43],[50,47],[21,42],[54,-8],[49,-42],[15,-30],[39,10],[19,51],[40,-5],[64,55],[36,-13],[34,-41],[-12,-80],[36,-37],[-25,-43],[-30,-15],[-21,-61],[28,-9],[-1,-40],[99,-56],[-46,-44],[23,-60],[25,-2],[-53,-161],[28,-15],[85,-11],[8,-52],[61,-12],[38,42],[3,-60],[40,-67],[-10,-67],[218,-38],[46,-14],[-5,-34],[42,-20],[37,-40],[18,-54],[-51,-84]]],"transform":{"scale":[0.0004073187513530556,0.00033827689990347166],"translate":[150.01721821704314,-34.53083282324925]},"objects":{"nswpol-maps-2013-p100-alldistricts":{"type":"GeometryCollection","geometries":[{"arcs":[[0]],"type":"Polygon","properties":{"ID":40,"Name":"Wollondilly","Electors":49711,"ProjectedPopulation":51557,"Members":1,"ElectorDeviation":-3.70434,"ProjectedDeviation":-2.29796}}]}}}