{"type":"Topology","arcs":[[[1424,529],[-44,-265],[-48,14],[-126,21],[-2,-20],[-142,8],[-74,-23],[-77,-2],[-41,-10],[-59,-27],[-14,-16],[-29,-112],[-23,-31],[-38,-23],[-114,-43],[-21,10],[-51,1],[-76,62],[18,39],[-97,44],[-117,60],[-73,4],[2,44],[-22,24],[-19,-9],[-33,65],[-104,45],[10,58],[60,-7],[76,20],[151,33],[64,-13],[175,16],[49,9],[122,32],[122,25],[62,-2],[54,7],[157,7],[17,5],[72,54],[46,-40],[62,-30],[85,-12],[40,-22]]],"transform":{"scale":[0.000051616057726493645,0.000043085133133363835],"translate":[151.14445731593617,-33.908983749922946]},"objects":{"nswpol-maps-2013-p100-alldistricts":{"type":"GeometryCollection","geometries":[{"arcs":[[0]],"type":"Polygon","properties":{"ID":54,"Name":"Newtown","Electors":49193,"ProjectedPopulation":50938,"Members":1,"ElectorDeviation":-4.70776,"ProjectedDeviation":-3.47098}}]}}}