{"type":"Topology","arcs":[[[1725,771],[-1,21],[-116,36],[-52,6],[-38,-37],[-47,-287],[4,-23],[-60,-56],[-70,-55],[-48,-26],[-56,-72],[-21,-81],[-97,-102],[-12,-40],[-41,-55],[-60,22],[-38,52],[-41,42],[-9,30],[-49,24],[23,129],[-22,4],[18,88],[-117,25],[5,25],[-59,-9],[-22,8],[16,17],[65,143],[128,54],[-39,40],[-23,-4],[-38,27],[-101,12],[-109,6],[-102,28],[-59,28],[-27,2],[-70,45],[-70,24],[-77,71],[-68,110],[-12,69],[-42,81],[3,72],[-21,57],[-35,39],[-18,-4],[50,421],[416,-62],[11,45],[244,-37],[-25,71],[15,56],[-9,33],[-37,42],[-19,60],[-28,51],[-15,114],[89,25],[31,-6],[105,-62],[100,5],[75,-33],[70,-16],[14,-18],[238,246],[42,-34],[105,-32],[45,-52],[-3,-92],[14,-54],[36,-56],[57,-132],[72,-9],[35,-29],[55,9],[42,30],[44,52],[27,4],[29,38],[21,119],[36,5],[82,-66],[9,-23],[-9,-32],[-73,-107],[-3,-63],[-34,-12],[-29,-37],[-28,-69],[-46,-51],[-25,-55],[-11,-77],[38,-43],[-31,-48],[4,-62],[-12,-21],[-45,-141],[-6,-63],[19,-65],[90,-81],[-39,-47],[-64,-52],[-44,-73]]],"transform":{"scale":[0.00009839922090119948,0.00008201956943713375],"translate":[150.74587660553493,-34.44778469358478]},"objects":{"nswpol-maps-2013-p100-alldistricts":{"type":"GeometryCollection","geometries":[{"arcs":[[0]],"type":"Polygon","properties":{"ID":38,"Name":"Keira","Electors":54325,"ProjectedPopulation":54601,"Members":1,"ElectorDeviation":5.23349,"ProjectedDeviation":3.47051}}]}}}