{"type":"Topology","arcs":[[[2637,258],[-19,38],[-18,19],[-26,8],[-59,-3],[-41,-26],[-51,-18],[-93,-10],[-68,-12],[-38,3],[-30,16],[-47,40],[-33,7],[-39,-9],[-57,-44],[-94,-133],[-49,-65],[-34,-26],[-47,-24],[-52,-19],[-51,5],[-42,36],[-27,14],[-30,3],[-56,-13],[-27,3],[-26,31],[-12,73],[-26,40],[-18,-1],[-43,-35],[-49,-84],[-38,-29],[-43,-11],[-77,26],[-41,29],[-50,67],[-24,53],[17,55],[65,68],[71,54],[-27,48],[-64,51],[-67,57],[-55,72],[-49,92],[-56,74],[-32,25],[-30,13],[-84,-1],[-80,-9],[-51,15],[-48,26],[-24,54],[-8,69],[12,89],[19,53],[44,65],[24,49],[-4,37],[-29,36],[-83,58],[-63,30],[-101,13],[-64,28],[-22,33],[-39,79],[-51,109],[-39,61],[-43,31],[-59,29],[-35,41],[-7,50],[17,55],[55,63],[26,77],[-6,79],[-28,67],[-7,97],[44,86],[124,82],[63,10],[60,-16],[62,-34],[30,-8],[37,13],[16,35],[-7,62],[-33,63],[-39,51],[-35,65],[-28,63],[-31,84],[-23,94],[-6,68],[3,50],[19,132],[4,68],[-15,42],[-18,9],[0,72],[-15,54],[6,20],[34,3],[33,-32],[32,-60],[29,-8],[0,-28],[57,4],[5,-24],[70,14],[35,21],[18,24],[15,-85],[336,84],[7,6],[127,-94],[32,-9],[239,-41],[3,15],[96,-16],[25,0],[139,-25],[-28,-168],[40,-3],[40,4],[79,23],[68,-9],[179,-33],[268,-46],[31,1],[-14,-76],[-50,-292],[-19,-24],[-75,11],[-41,-259],[-46,-2],[-18,-115],[180,-32],[5,-5],[81,58],[33,11],[44,-4],[222,-29],[64,-4],[52,10],[52,25],[12,-27],[-9,-29],[34,-55],[13,-33],[-5,-43],[3,-31],[-19,-44],[-5,-39],[10,-37],[42,-66],[7,-148],[10,-23],[45,-80],[6,-30],[-4,-69],[-18,-76],[-7,-47],[-6,-139],[12,-78],[-28,-81],[-8,-87],[11,-71],[56,-87],[68,-116],[13,-29],[7,-62],[-10,-30],[-35,-31],[-43,-21],[-47,-113],[-50,-23],[-67,-48],[-82,-42],[-18,-15],[-5,-47]]],"transform":{"scale":[0.000026438985771261176,0.000022073705779899093],"translate":[150.96602093892568,-33.98359947535085]},"objects":{"nswpol-maps-2013-p100-alldistricts":{"type":"GeometryCollection","geometries":[{"arcs":[[0]],"type":"Polygon","properties":{"ID":79,"Name":"East Hills","Electors":52067,"ProjectedPopulation":53168,"Members":1,"ElectorDeviation":0.859494,"ProjectedDeviation":0.754935}}]}}}