{"type":"Topology","arcs":[[[1034,0],[-116,27],[-110,44],[-117,80],[-110,106],[-64,-57],[-58,-69],[-44,-63],[-31,21],[-83,-3],[-36,-25],[-85,-15],[-11,7],[-18,75],[-79,-8],[-15,52],[-21,1],[-36,31],[14,54],[37,25],[9,35],[59,-10],[10,64],[37,28],[74,18],[30,-3],[44,-27],[65,12],[23,-15],[22,55],[-34,15],[20,75],[17,95],[22,-3],[7,43],[-46,8],[16,109],[44,-7],[12,71],[59,-10],[25,76],[21,199],[-8,85],[71,-5],[67,-23],[4,31],[51,-9],[63,-39],[43,-39],[36,-8],[54,-52],[88,6],[188,96],[34,9],[-7,-99],[-25,-55],[-25,-81],[1,-37],[36,-44],[-4,-38],[-25,-26],[-49,-138],[74,-12],[-24,-123],[-75,15],[-12,-56],[63,-103],[151,-26],[-22,-155],[-22,-74],[-170,32],[-27,-24],[-7,-42],[-20,-28],[-55,-49]]],"transform":{"scale":[0.00009834561580357767,0.00008201741233769042],"translate":[150.6021933019203,-33.785398052053964]},"objects":{"nswpol-maps-2013-p100-alldistricts":{"type":"GeometryCollection","geometries":[{"arcs":[[0]],"type":"Polygon","properties":{"ID":47,"Name":"Penrith","Electors":51507,"ProjectedPopulation":52745,"Members":1,"ElectorDeviation":-0.225288,"ProjectedDeviation":-0.0466626}}]}}}