{"type":"Topology","arcs":[[[2423,2162],[-13,-88],[-28,-71],[-72,-60],[-64,-29],[-104,1],[-39,-18],[-25,-46],[11,-64],[-22,-39],[-66,-26],[-97,-78],[-72,-27],[-43,2],[-78,-49],[-63,-10],[-17,-16],[-8,-57],[-37,-57],[-31,-31],[-12,-121],[-36,-34],[23,-82],[-8,-21],[-33,-50],[-38,-9],[-25,-59],[-30,-8],[-15,-55],[-54,-41],[-38,-3],[-32,-84],[-59,-56],[-54,8],[-24,-42],[-9,-42],[-25,-57],[-10,-96],[-183,36],[-20,-44],[28,-79],[-4,-33],[-34,-37],[-65,-10],[-42,-24],[-57,-73],[47,-26],[58,-14],[0,-63],[19,-30],[-14,-44],[27,-40],[52,-9],[16,-57],[-25,16],[-76,-2],[-53,20],[-35,-5],[-61,47],[-42,13],[-24,25],[4,33],[-138,99],[29,21],[7,29],[-31,51],[-4,51],[23,36],[43,44],[2,22],[42,33],[-2,64],[-79,1],[-27,-27],[-28,26],[-25,-24],[-57,-21],[-63,-7],[-6,-20],[-39,-9],[-107,4],[-53,-77],[-79,83],[6,54],[29,24],[14,67],[29,51],[53,-23],[62,-1],[22,44],[-48,60],[7,93],[-18,34],[-12,59],[7,103],[-55,107],[-6,51],[24,94],[-3,64],[99,-16],[-36,77],[-7,81],[7,49],[32,49],[2,67],[26,4],[-9,90],[26,34],[1,59],[-14,66],[-18,27],[33,27],[-12,72],[-19,42],[-4,116],[-20,32],[25,36],[-16,53],[3,73],[-33,33],[20,61],[72,18],[57,29],[26,61],[6,45],[31,-3],[13,-26],[44,24],[34,4],[18,44],[28,2],[46,66],[63,-6],[39,-25],[26,16],[57,4],[7,27],[65,-5],[56,-32],[54,30],[42,-6],[41,15],[38,104],[43,13],[40,-76],[97,-2],[47,-47],[15,-28],[57,-47],[61,-35],[102,85],[11,18],[68,21],[13,21],[43,122],[23,40],[45,28],[32,-22],[23,-53],[10,-107],[36,-155],[38,-81],[32,-14],[104,-17],[174,55],[55,11],[121,1],[45,-27],[19,-44],[-11,-47],[-53,-93],[-21,-52],[-5,-48],[22,-78],[77,-105]]],"transform":{"scale":[0.00009837728658129407,0.00008203330745290719],"translate":[151.0112280082782,-33.75324099553242]},"objects":{"nswpol-maps-2013-p100-alldistricts":{"type":"GeometryCollection","geometries":[{"arcs":[[0]],"type":"Polygon","properties":{"ID":59,"Name":"Hornsby","Electors":53357,"ProjectedPopulation":53834,"Members":1,"ElectorDeviation":3.35837,"ProjectedDeviation":2.01702}}]}}}