{"type":"Topology","arcs":[[[892,380],[-17,-70],[-74,-98],[-22,-36],[-129,-145],[-13,-28],[-53,-3],[-22,29],[-42,15],[-98,0],[-20,-18],[-308,56],[-50,15],[-17,50],[-27,56],[29,109],[62,48],[-8,60],[43,1],[-8,-38],[25,-31],[167,-29],[61,-18],[78,46],[21,116],[-9,42],[39,103],[65,1],[28,40],[39,-12],[22,-75],[49,-62],[19,-60],[19,-31],[70,28],[43,-2],[41,-30],[-3,-29]]],"transform":{"scale":[0.00009839197535662815,0.0000819508262088475],"translate":[151.1866677573019,-33.85653335890464]},"objects":{"nswpol-maps-2013-p100-alldistricts":{"type":"GeometryCollection","geometries":[{"arcs":[[0]],"type":"Polygon","properties":{"ID":70,"Name":"North Shore","Electors":50099,"ProjectedPopulation":51733,"Members":1,"ElectorDeviation":-2.95274,"ProjectedDeviation":-1.96443}}]}}}