{"type":"Topology","arcs":[[[1171,351],[-57,-102],[-49,-35],[-29,-56],[9,-29],[48,-9],[-65,-55],[-40,5],[-19,-51],[-39,-10],[-14,30],[-50,42],[-54,8],[-21,-42],[-49,-47],[-59,43],[-46,2],[-13,36],[-38,42],[20,50],[-11,28],[21,65],[-128,20],[-26,-120],[-36,-5],[-32,-37],[-55,34],[-57,-17],[-39,-44],[-79,-56],[-88,20],[-26,-10],[-50,49],[47,78],[-39,34],[27,62],[-21,21],[17,61],[28,8],[13,53],[-39,41],[76,52],[-10,36],[21,115],[34,-3],[29,110],[52,-9],[12,57],[-43,40],[-30,47],[6,33],[-34,30],[2,33],[60,7],[17,117],[-2,72],[142,-30],[-7,-46],[49,-7],[40,40],[21,69],[34,-15],[55,11],[24,29],[49,-16],[60,3],[10,67],[53,60],[42,180],[47,-4],[79,34],[20,-4],[-57,-55],[-20,-64],[-40,-33],[-40,-71],[-5,-71],[8,-50],[-23,-34],[-74,-45],[-10,-73],[-17,-34],[36,-76],[42,-20],[103,-6],[85,75],[14,-46],[30,3],[0,-112],[43,-10],[88,-3],[-23,-144],[125,3],[-9,-46],[13,-25],[1,-4],[-4,-70],[-33,-31],[-12,-93],[-34,4],[-43,-24],[-14,-27],[43,-38],[57,5]]],"transform":{"scale":[0.0004072833227796056,0.0003381926751908759],"translate":[150.16611485217857,-33.89844328407546]},"objects":{"nswpol-maps-2013-p100-alldistricts":{"type":"GeometryCollection","geometries":[{"arcs":[[0]],"type":"Polygon","properties":{"ID":39,"Name":"Blue Mountains","Electors":52365,"ProjectedPopulation":52758,"Members":1,"ElectorDeviation":1.43675,"ProjectedDeviation":-0.0220272}}]}}}