{"type":"Topology","arcs":[[[2425,1835],[-17,-29],[-30,-13],[-110,31],[-90,6],[-44,-21],[-21,-33],[-22,-13],[-72,9],[-74,-28],[-28,-36],[8,-56],[61,-93],[22,-60],[-5,-37],[-34,-40],[-14,-30],[-14,-90],[-11,-29],[-33,-28],[-104,19],[8,66],[-17,19],[-40,-20],[-51,-15],[-5,-33],[-222,40],[-2,-44],[45,-130],[26,-61],[53,-81],[-34,-39],[-63,-50],[-17,-22],[-36,-79],[-41,-26],[-67,20],[-77,-5],[-28,-26],[-62,-97],[-5,-26],[24,-57],[-3,-39],[-26,-46],[104,-105],[53,-26],[26,-44],[7,-58],[53,-27],[98,-15],[181,17],[48,-69],[18,-59],[-10,-43],[-27,-44],[-94,-17],[-55,-23],[-94,73],[-27,4],[-36,-15],[-35,47],[-48,-1],[-48,22],[-35,32],[-38,19],[-48,7],[-23,26],[-32,9],[-11,21],[-63,35],[-9,19],[-312,-117],[-29,-8],[-125,-49],[-18,-35],[-41,12],[-29,-8],[-34,-26],[-79,10],[-44,-13],[-34,8],[-23,-9],[-11,21],[-39,-4],[-37,22],[-18,-35],[-59,-54],[-21,50],[-4,87],[36,19],[-40,40],[-40,10],[-7,46],[34,101],[19,43],[28,40],[81,59],[150,56],[27,-33],[67,38],[-195,305],[-45,74],[-26,29],[-44,21],[-33,28],[14,44],[28,54],[5,59],[44,128],[9,63],[32,45],[5,22],[-127,56],[23,78],[3,51],[-7,44],[40,107],[35,26],[7,27],[29,33],[-4,61],[1,103],[28,33],[-1,34],[58,59],[-6,38],[42,71],[13,37],[48,48],[4,51],[30,25],[30,56],[33,-20],[43,-53],[45,-17],[-21,-19],[6,-23],[27,-35],[-2,-31],[39,-29],[44,-10],[31,6],[127,-15],[32,3],[19,-21],[12,-38],[28,-36],[-23,-148],[59,-20],[38,2],[117,36],[20,12],[67,80],[25,22],[146,80],[46,30],[21,33],[45,0],[36,43],[50,-8],[6,35],[65,-11],[29,-48],[39,-6],[-8,-48],[82,-13],[1,-39],[42,-6],[66,18],[17,29],[35,15],[14,20],[97,-33],[19,-37],[29,-8],[51,-29],[48,-8],[50,-45],[60,-28],[63,3],[47,10],[47,-12],[69,-65],[12,-28],[-3,-39],[-65,-20],[-42,-46],[-1,-29]]],"transform":{"scale":[0.000051642702092393695,0.000043072180080491335],"translate":[151.14450871542303,-33.79487501036858]},"objects":{"nswpol-maps-2013-p100-alldistricts":{"type":"GeometryCollection","geometries":[{"arcs":[[0]],"type":"Polygon","properties":{"ID":67,"Name":"Davidson","Electors":52870,"ProjectedPopulation":53534,"Members":1,"ElectorDeviation":2.41499,"ProjectedDeviation":1.44852}}]}}}