{"type":"Topology","arcs":[[[1897,674],[-15,-44],[-59,-63],[-72,-32],[-84,-84],[-20,-45],[-129,-86],[-58,-51],[-44,-47],[-68,-64],[-125,-45],[-29,-24],[-76,-40],[-23,-23],[-74,4],[-78,-15],[-27,-15],[-59,49],[-26,14],[-127,19],[-82,22],[-77,9],[-90,17],[-62,6],[-113,36],[-51,196],[10,3],[-16,65],[-90,-19],[-18,77],[-14,95],[-6,94],[-53,-15],[10,137],[-50,-1],[3,89],[-5,38],[3,101],[71,115],[25,87],[121,-33],[60,-23],[30,-33],[28,-48],[21,-57],[29,-53],[28,-21],[42,1],[26,-13],[25,-32],[10,-43],[27,-11],[64,3],[24,-9],[29,-33],[71,-16],[57,-29],[52,-70],[53,15],[68,10],[25,-14],[20,-42],[35,-43],[18,-4],[89,44],[52,42],[73,22],[116,47],[42,-5],[18,-18],[63,-91],[66,-30],[59,-3],[46,8],[77,32],[134,-10]]],"transform":{"scale":[0.00005164334314468602,0.00004305565299961604],"translate":[151.08041355531495,-33.87424940981057]},"objects":{"nswpol-maps-2013-p100-alldistricts":{"type":"GeometryCollection","geometries":[{"arcs":[[0]],"type":"Polygon","properties":{"ID":89,"Name":"Drummoyne","Electors":49228,"ProjectedPopulation":51600,"Members":1,"ElectorDeviation":-4.63996,"ProjectedDeviation":-2.21647}}]}}}