{"type":"Topology","arcs":[[[3482,1143],[-77,-240],[-8,-108],[-58,-34],[-1,-68],[-14,7],[-25,-29],[71,-69],[-17,-102],[-6,-9],[-54,-320],[-95,-57],[-49,-45],[-56,-29],[-92,-40],[-37,4],[-103,45],[-71,36],[-18,-19],[-181,30],[-427,79],[-13,0],[-92,118],[28,21],[2,116],[-136,2],[-24,-4],[-26,-5],[-31,211],[0,94],[-15,65],[-15,32],[-50,62],[-33,26],[-50,32],[-123,67],[-36,27],[-91,-56],[-107,-56],[-68,-40],[-38,62],[42,39],[36,74],[30,48],[-2,36],[-11,36],[-81,-8],[-70,-38],[-59,-13],[-23,-25],[-43,-18],[-146,27],[-67,41],[-342,63],[-331,59],[-98,16],[-7,23],[-26,38],[-48,42],[20,24],[31,22],[32,11],[111,22],[29,-5],[27,-17],[23,2],[47,29],[25,-22],[8,-37],[21,-12],[39,4],[50,12],[42,-26],[19,3],[20,18],[27,44],[6,26],[-53,90],[-14,74],[-8,109],[-8,24],[45,17],[67,-14],[55,6],[33,19],[53,-3],[55,-21],[45,3],[65,51],[57,16],[26,-3],[53,-19],[9,27],[28,43],[244,93],[57,15],[351,132],[69,24],[116,47],[74,25],[17,-36],[17,-13],[53,-21],[51,-35],[23,-40],[41,-5],[20,-13],[35,-44],[11,-6],[54,-4],[40,-11],[39,-23],[35,-13],[70,-61],[46,-10],[46,-35],[32,10],[38,0],[23,-9],[23,-44],[47,-46],[39,9],[31,19],[53,-8],[77,-51],[107,-90],[108,44],[182,33],[40,-134],[17,-97],[-52,-165],[2,-88],[31,-88],[90,-24]]],"transform":{"scale":[0.000026440388421276026,0.000022074885090461015],"translate":[151.14381702642706,-33.83155403573713]},"objects":{"nswpol-maps-2013-p100-alldistricts":{"type":"GeometryCollection","geometries":[{"arcs":[[0]],"type":"Polygon","properties":{"ID":71,"Name":"Willoughby","Electors":51443,"ProjectedPopulation":52431,"Members":1,"ElectorDeviation":-0.349263,"ProjectedDeviation":-0.641702}}]}}}